ID_Offre,Titre_Poste,Secteur,Entreprise,Ville,Region,Type_Contrat,Experience_Requise,Niveau_Etudes,Modalite_Travail,Salaire_Mensuel_DH,Langues_Requises,Competences_Cles,Date_Publication,Delai_Recrutement_Jours,Mois,Trimestre,Tranche_Salaire
OFF-0001,Responsable Qualité,Industrie,Peugeot Maroc,Rabat,Rabat-Salé-Kénitra,CDD,0-2 ans,Bac+2,Présentiel,7600.0,Français; Arabe,Iso 9001; Lean Manufacturing,2024-05-31,26.0,May 2024,T2.0 2024.0,3. 6 000 – 8 000 DH
OFF-0002,Community Manager,Commerce,Accenture Maroc,Tanger,Tanger-Tétouan-Al Hoceïma,CDI,2-5 ans,Sans Diplôme Requis,Présentiel,11500.0,Français; Anglais,Crm; Analyse De Marché,2024-10-29,26.0,October 2024,T4.0 2024.0,5. 10 000 – 12 000 DH
OFF-0003,Ingénieur Production,Industrie,Maroc Telecom,Casablanca,Casablanca-Settat,CDI,0-2 ans,Bac+5 / Master,Présentiel,7260.0,Français; Anglais; Arabe,Amdec; Lean Manufacturing; Iso 9001,,18.0,,Tnan nan,3. 6 000 – 8 000 DH
OFF-0004,Chargé Marketing Digital,Commerce,Oncf,Casablanca,Casablanca-Settat,Freelance,0-2 ans,Bac+2,Présentiel,10100.0,Français; Anglais,Négociation; Email Marketing; Seo; Excel,2024-10-14,21.0,October 2024,T4.0 2024.0,5. 10 000 – 12 000 DH
OFF-0006,Responsable RH,Finance & Rh,Renault Maroc,Meknès,Fès-Meknès,CDI,5-8 ans,Bac+3,Hybride,13700.0,Français; Arabe,Audit; Excel Avancé; Consolidation; Sap; Paie,2024-10-14,23.0,October 2024,T4.0 2024.0,6. 12 000 – 15 000 DH
OFF-0007,Développeur Frontend,It & Tech,Managem,Tanger,Tanger-Tétouan-Al Hoceïma,Stage,2-5 ans,Bac+3,Présentiel,4093.0,Français / Arabe,Git; Azure; Agile; Scrum; Node.Js; Javascript,2024-05-31,20.0,May 2024,T2.0 2024.0,2. 4 000 – 6 000 DH
OFF-0008,Resp. Commercial,Commerce,Maroc Telecom,Kénitra,Rabat-Salé-Kénitra,CDI,0-2 ans,Bac+5 / Master,Présentiel,8000.0,Français,Crm; Analyse De Marché; Email Marketing; Seo; Salesforce,,33.0,,Tnan nan,4. 8 000 – 10 000 DH
OFF-0009,Chef de Projet IT,It & Tech,Ram,Marrakech,Marrakech-Safi,CDI,2-5 ans,Sans Diplôme Requis,Présentiel,17300.0,Français; Anglais,Docker; Azure,2024-03-28,34.0,March 2024,T1.0 2024.0,7. 15 000 – 20 000 DH
OFF-0011,Responsable Rh,Finance & Rh,Atlantic Digital,Agadir,Souss-Massa,CDI,0-2 ans,Bac+5 / Master,Présentiel,10500.0,Français; Arabe,Sage; Audit; Droit Du Travail,2024-07-26,33.0,July 2024,T3.0 2024.0,5. 10 000 – 12 000 DH
OFF-0012,Administrateur Système,It & Tech,Capgemini Maroc,Casablanca,Casablanca-Settat,CDI,5-8 ans,Bac+2,Présentiel,15000.0,Français,Java; Agile; Scrum,2024-12-27,34.0,December 2024,T4.0 2024.0,7. 15 000 – 20 000 DH
OFF-0013,Pharmacien,Santé,Pwc Maroc,Casablanca,Casablanca-Settat,Freelance,2-5 ans,Bac+3,Hybride,15000.0,"Français, Anglais, Arabe",Éthique Médicale; Diagnostic; Pharmacologie; Soins Infirmiers,2024-09-19,11.0,September 2024,T3.0 2024.0,7. 15 000 – 20 000 DH
OFF-0014,Ingénieur Génie Civil,Btp,Bmce Bank,Casablanca,Casablanca-Settat,CDI,0-2 ans,Bac+3,Présentiel,10570.0,Français; Anglais; Arabe,Revit; Béton Armé; Autocad; Gestion De Chantier,,12.0,,Tnan nan,5. 10 000 – 12 000 DH
OFF-0015,Data-Scientist,It & Tech,Oncf,Casablanca,Casablanca-Settat,CDI,2-5 ans,Bac+3,Télétravail complet,15300.0,Français; Anglais; Arabe,Mongodb; Typescript,2025-02-28,14.0,February 2025,T1.0 2025.0,7. 15 000 – 20 000 DH
OFF-0016,Ingénieur Réseau,It & Tech,Ernst & Young Maroc,Casablanca,Casablanca-Settat,CDI,2-5 ans,Non Renseigné,Hybride,12600.0,Anglais,Javascript; Typescript; Power Bi,2025-01-04,13.0,January 2025,T1.0 2025.0,6. 12 000 – 15 000 DH
OFF-0017,Auditeur Financier,Finance & Rh,Ocp Group,Kénitra,Rabat-Salé-Kénitra,CDI,0-2 ans,Bac+5 / Master,Hybride,10560.0,Anglais,Ifrs; Droit Du Travail; Consolidation,2025-02-17,18.0,February 2025,T1.0 2025.0,5. 10 000 – 12 000 DH
OFF-0018,Community Manager,Commerce,Deloitte Maroc,Oujda,Oriental,CDI,5-8 ans,Bac+5 / Master,Hybride,8700.0,Français; Anglais; Arabe,Seo; Google Ads; Email Marketing,2024-10-22,19.0,October 2024,T4.0 2024.0,4. 8 000 – 10 000 DH
OFF-0019,Ingénieur Génie Civil,Btp,Attijariwafa Bank,Marrakech,Marrakech-Safi,CDI,2-5 ans,Bac+5 / Master,Présentiel,9400.0,Français; Arabe,Ms Project; Revit,2024-12-10,26.0,December 2024,T4.0 2024.0,4. 8 000 – 10 000 DH
OFF-0020,Guide Touristique,Tourisme,Peugeot Maroc,Casablanca,Casablanca-Settat,CDD,0-2 ans,Bac+5 / Master,Présentiel,4000.0,Français; Anglais; Arabe,Langues Étrangères; Gestion Réservations,2024-12-11,40.0,December 2024,T4.0 2024.0,2. 4 000 – 6 000 DH
OFF-0021,Product Manager,It & Tech,Um6P,Casablanca,Casablanca-Settat,CDI,2-5 ans,Sans Diplôme Requis,Présentiel,15600.0,Français; Arabe,Typescript; React; Aws; Kubernetes; Git,2024-10-30,41.0,October 2024,T4.0 2024.0,7. 15 000 – 20 000 DH
OFF-0022,Chargé Marketing Digital,Commerce,Orange Maroc,Tanger,Tanger-Tétouan-Al Hoceïma,Stage,2-5 ans,Bac+3,Présentiel,4184.0,Français,Salesforce; Négociation; Excel; Email Marketing,2024-05-05,34.0,May 2024,T2.0 2024.0,2. 4 000 – 6 000 DH
OFF-0023,Pharmacien,Santé,Atlantic Digital,Fès,Fès-Meknès,CDI,2-5 ans,Bac+2,Présentiel,14100.0,Français; Anglais,Soins Infirmiers; Pharmacologie; Éthique Médicale,2024-10-21,7.0,October 2024,T4.0 2024.0,6. 12 000 – 15 000 DH
OFF-0024,Ux Designer,It & Tech,Ernst & Young Maroc,Meknès,Fès-Meknès,Stage,2-5 ans,Bac+3,Hybride,2630.0,Français; Arabe,Git; Agile; Scrum; Typescript; Mongodb,2024-12-20,41.0,December 2024,T4.0 2024.0,1. < 4 000 DH
OFF-0025,Ingénieur Production,Industrie,Datavision Maroc,Marrakech,Marrakech-Safi,CDD,0-2 ans,Bac+5 / Master,Présentiel,6000.0,Français; Anglais,Lean Manufacturing; Iso 9001; Plc; Scada; Amdec; Autocad,2024-07-14,26.0,July 2024,T3.0 2024.0,3. 6 000 – 8 000 DH
OFF-0026,Product Manager,It & Tech,Sii Group,Tanger,Tanger-Tétouan-Al Hoceïma,CDI,2-5 ans,Bac+5 / Master,Présentiel,13200.0,Français; Anglais,Node.Js; Javascript; Git,,22.0,,Tnan nan,6. 12 000 – 15 000 DH
OFF-0027,DevOps Engineer,It & Tech,Lydec,Casablanca,Casablanca-Settat,CDI,0-2 ans,Sans Diplôme Requis,Présentiel,10700.0,Français; Anglais,Rest Api; Power Bi; Agile; Scrum; Kubernetes,2024-10-14,36.0,October 2024,T4.0 2024.0,5. 10 000 – 12 000 DH
OFF-0028,Data Engineer,It & Tech,Alten Maroc,Meknès,Fès-Meknès,Stage,2-5 ans,Bac+2,Présentiel,3017.0,Français; Anglais; Arabe,Sql; Rest Api; Aws; Python,,21.0,,Tnan nan,1. < 4 000 DH
OFF-0029,Administrateur Système,,Atlantic Digital,Casablanca,Casablanca-Settat,Freelance,0-2 ans,Bac+3,Présentiel,,Français; Anglais,Azure; Python; Rest Api; Agile; Scrum; Docker,2024-09-05,37.0,September 2024,T3.0 2024.0,Non renseigné
OFF-0030,Développeur Backend,It & Tech,Label'Vie,Casablanca,Casablanca-Settat,Alternance,0-2 ans,Bac+5 / Master,Télétravail complet,4264.0,Français; Arabe,Java; Kubernetes,,1.0,,Tnan nan,2. 4 000 – 6 000 DH
OFF-0031,Commercial B2B,Commerce,Managem,Agadir,Souss-Massa,CDI,0-2 ans,Bac+3,Hybride,6000.0,Français; Anglais; Arabe,Google Ads; Excel; Crm; Email Marketing,2024-08-04,37.0,August 2024,T3.0 2024.0,3. 6 000 – 8 000 DH
OFF-0032,Chargé Marketing,Commerce,Lafarge Holcim,Rabat,Rabat-Salé-Kénitra,CDI,2-5 ans,Bac+5 / Master,Présentiel,9100.0,Anglais,,2024-06-09,21.0,June 2024,T2.0 2024.0,4. 8 000 – 10 000 DH
OFF-0033,Médecin Généraliste,Santé,Inwi,Marrakech,Marrakech-Safi,CDI,2-5 ans,Bac+5 / Master,Présentiel,19900.0,,Soins Infirmiers; Éthique Médicale; Diagnostic; Pharmacologie,2024-09-07,18.0,September 2024,T3.0 2024.0,7. 15 000 – 20 000 DH
OFF-0034,Développeur Frontend,It & Tech,Cgi Maroc,Casablanca,Casablanca-Settat,CDD,2-5 ans,Bac+3,Présentiel,8900.0,Français; Anglais; Arabe,Javascript; Typescript; Rest Api; Kubernetes; React,2024-05-01,18.0,May 2024,T2.0 2024.0,4. 8 000 – 10 000 DH
OFF-0035,Réceptionniste Hôtel,Tourisme,Sii Group,Marrakech,Marrakech-Safi,CDI,5-8 ans,Bac+5 / Master,Hybride,7810.0,Anglais,Pack Office; Gestion Réservations; Accueil Client,,11.0,,Tnan nan,3. 6 000 – 8 000 DH
OFF-0036,Responsable Rh,Finance & Rh,Carrefour Maroc,Rabat,Rabat-Salé-Kénitra,CDD,5-8 ans,Bac+5 / Master,Présentiel,10300.0,Anglais,Sage; Droit Du Travail; Paie; Consolidation; Ifrs,2024-07-21,39.0,July 2024,T3.0 2024.0,5. 10 000 – 12 000 DH
OFF-0037,Analyste BI / Power BI,It & Tech,Ram,Casablanca,Casablanca-Settat,CDD,5-8 ans,Bac+5 / Master,Présentiel,14000.0,Français; Anglais; Arabe,Agile; Scrum; Azure; Python; Linux; Sql,,13.0,,Tnan nan,6. 12 000 – 15 000 DH
OFF-0038,Contrôleur de Gestion,Finance & Rh,Deloitte Maroc,Casablanca,Casablanca-Settat,CDI,5-8 ans,Bac+2,Télétravail complet,15700.0,Français; Arabe,Sage; Excel Avancé; Audit; Droit Du Travail; Paie,2024-03-30,26.0,March 2024,T1.0 2024.0,7. 15 000 – 20 000 DH
OFF-0039,Développeur Backend,It & Tech,Marjane,Fès,Fès-Meknès,Freelance,5-8 ans,Bac+2,Hybride,20800.0,Français; Anglais; Arabe,Java; Javascript; Sql; React; Mongodb,2024-05-12,37.0,May 2024,T2.0 2024.0,8. > 20 000 DH
OFF-0040,Data Sientist,,Ram,Rabat,Rabat-Salé-Kénitra,Freelance,2-5 ans,Bac+5 / Master,Télétravail complet,,Français; Anglais,Tensorflow; Kubernetes; Docker,,43.0,,Tnan nan,Non renseigné
OFF-0041,Comptable,Finance & Rh,Cih Bank,Rabat,Rabat-Salé-Kénitra,CDI,2-5 ans,Bac+3,Présentiel,6500.0,Français; Anglais; Arabe,Ifrs; Sage; Sap; Excel Avancé,2024-07-27,9.0,July 2024,T3.0 2024.0,3. 6 000 – 8 000 DH
OFF-0042,Infirmier(ère),Santé,Pwc Maroc,Tanger,Tanger-Tétouan-Al Hoceïma,CDD,2-5 ans,Bac+3,Télétravail complet,7800.0,Français; Anglais; Arabe,Soins Infirmiers; Diagnostic; Éthique Médicale,,21.0,,Tnan nan,3. 6 000 – 8 000 DH
OFF-0043,Infirmier(ère),Santé,Orange Maroc,Agadir,Souss-Massa,CDI,2-5 ans,Non Renseigné,Présentiel,7400.0,Français,Diagnostic; Éthique Médicale; Soins Infirmiers,2024-09-07,11.0,September 2024,T3.0 2024.0,3. 6 000 – 8 000 DH
OFF-0044,Comptable,Finance & Rh,Ocp Group,Tanger,Tanger-Tétouan-Al Hoceïma,CDI,0-2 ans,Bac+5 / Master,Présentiel,5200.0,Anglais,Droit Du Travail; Ifrs,2024-04-22,39.0,April 2024,T2.0 2024.0,2. 4 000 – 6 000 DH
OFF-0045,Pharmacien,Santé,Pwc Maroc,Tanger,Tanger-Tétouan-Al Hoceïma,CDI,5-8 ans,Bac+5 / Master,Télétravail complet,16900.0,Français; Anglais,Diagnostic; Éthique Médicale; Pharmacologie; Soins Infirmiers,2024-05-30,45.0,May 2024,T2.0 2024.0,7. 15 000 – 20 000 DH
OFF-0046,Responsable Commercial,Commerce,Atlantic Digital,Casablanca,Casablanca-Settat,CDD,8+ ans,Bac+5 / Master,Présentiel,19600.0,Français,Négociation; Email Marketing; Salesforce; Crm,2024-06-07,33.0,June 2024,T2.0 2024.0,7. 15 000 – 20 000 DH
OFF-0047,Développeur Full Stack,It & Tech,Vivo Energy,Marrakech,Marrakech-Safi,CDI,5-8 ans,Bac+2,Hybride,15100.0,Français; Anglais; Arabe,Azure; Docker; Java,2024-10-20,23.0,October 2024,T4.0 2024.0,7. 15 000 – 20 000 DH
OFF-0048,Technicien Maintenance,Industrie,Renault Maroc,Fès,Fès-Meknès,Stage,2-5 ans,Bac+3,Télétravail complet,4933.0,Français,Autocad; Plc; Scada; Amdec,,38.0,,Tnan nan,2. 4 000 – 6 000 DH
OFF-0049,Réceptionniste Hôtel,Tourisme,Techma Solutions,Casablanca,Casablanca-Settat,CDI,5-8 ans,Bac+5 / Master,Présentiel,6500.0,Français; Anglais; Arabe,Accueil Client; Gestion Réservations,2024-07-30,8.0,July 2024,T3.0 2024.0,3. 6 000 – 8 000 DH
OFF-0050,Responsable Rh,Finance & Rh,Alten Maroc,Rabat,Rabat-Salé-Kénitra,Freelance,5-8 ans,Non Renseigné,Présentiel,17100.0,Français; Arabe,Droit Du Travail; Audit; Paie; Sage; Sap,2024-09-21,37.0,September 2024,T3.0 2024.0,7. 15 000 – 20 000 DH
OFF-0051,Product Manager,,Capgemini Maroc,Rabat,Rabat-Salé-Kénitra,Stage,0-2 ans,Non Renseigné,Présentiel,,Français; Arabe,Python; Typescript; Sql; Azure; Rest Api,2024-05-03,20.0,May 2024,T2.0 2024.0,Non renseigné
OFF-0052,Data Engneer,It & Tech,Orange Maroc,Rabat,Rabat-Salé-Kénitra,CDI,0-2 ans,Bac+8 / Doctorat,Hybride,9900.0,Français; Anglais; Arabe,Power Bi; Kubernetes,2024-06-01,3.0,June 2024,T2.0 2024.0,4. 8 000 – 10 000 DH
OFF-0053,Analyste Financier,Finance & Rh,Label'Vie,Agadir,Souss-Massa,CDI,2-5 ans,Bac+5 / Master,Présentiel,10300.0,,Droit Du Travail; Consolidation; Audit; Excel Avancé,,15.0,,Tnan nan,5. 10 000 – 12 000 DH
OFF-0054,Pharmacien,Santé,Ram,Marrakech,Marrakech-Safi,CDI,0-2 ans,Bac+5 / Master,Présentiel,9500.0,Français; Anglais,Éthique Médicale; Pharmacologie; Soins Infirmiers,2024-07-03,26.0,July 2024,T3.0 2024.0,4. 8 000 – 10 000 DH
OFF-0055,Technicien Maintenance,Industrie,Peugeot Maroc,Casablanca,Casablanca-Settat,Freelance,5-8 ans,Bac+3,Hybride,10500.0,Français; Anglais,Lean Manufacturing; Amdec; Iso 9001; Autocad; Plc; Scada,2024-04-18,19.0,April 2024,T2.0 2024.0,5. 10 000 – 12 000 DH
OFF-0056,UX/UI Designer,It & Tech,Vivo Energy,Marrakech,Marrakech-Safi,CDD,2-5 ans,Non Renseigné,Télétravail complet,9460.0,Français,Aws; Java; Agile; Scrum; Mongodb; Sql,2025-03-01,35.0,March 2025,T1.0 2025.0,4. 8 000 – 10 000 DH
OFF-0057,ML Engineer,It & Tech,Cih Bank,Casablanca,Casablanca-Settat,CDI,2-5 ans,Bac+3,Hybride,17000.0,Français; Anglais; Arabe,Mongodb; Python; Sql,2024-08-24,10.0,August 2024,T3.0 2024.0,7. 15 000 – 20 000 DH
OFF-0059,Contrôleur de Gestion,Finance & Rh,Deloitte Maroc,Marrakech,Marrakech-Safi,Freelance,2-5 ans,Bac+3,Présentiel,16000.0,Anglais,Droit Du Travail; Paie; Sap; Sage,2024-08-25,18.0,August 2024,T3.0 2024.0,7. 15 000 – 20 000 DH
OFF-0060,Chargé Marketing Digital,Commerce,Sii Group,Casablanca,Casablanca-Settat,Freelance,8+ ans,Sans Diplôme Requis,Présentiel,21700.0,Français; Anglais,Excel; Salesforce; Email Marketing; Crm,,10.0,,Tnan nan,8. > 20 000 DH
OFF-0062,Développeur Backend,It & Tech,Lafarge Holcim,Casablanca,Casablanca-Settat,Freelance,2-5 ans,Bac+5 / Master,Présentiel,16500.0,Anglais,Aws; Java; Tensorflow,2024-03-14,14.0,March 2024,T1.0 2024.0,7. 15 000 – 20 000 DH
OFF-0063,Chef de Projet IT,It & Tech,Techma Solutions,Casablanca,Casablanca-Settat,CDI,2-5 ans,Bac+3,Télétravail complet,16400.0,Français,Linux; Agile; Scrum; Node.Js; Docker; Mongodb,2025-01-27,13.0,January 2025,T1.0 2025.0,7. 15 000 – 20 000 DH
OFF-0064,Technicien Maintenance,Industrie,Accenture Maroc,Tétouan,Tanger-Tétouan-Al Hoceïma,CDI,5-8 ans,Bac+3,Présentiel,9100.0,Français; Anglais,Plc; Scada; Lean Manufacturing; Solidworks; Autocad,2024-07-09,32.0,July 2024,T3.0 2024.0,4. 8 000 – 10 000 DH
OFF-0065,Ingénieur Production,Industrie,Hps,Rabat,Rabat-Salé-Kénitra,CDD,5-8 ans,Bac+5 / Master,Présentiel,11500.0,Français; Anglais; Arabe,Lean Manufacturing; Plc; Scada; Solidworks; Autocad,2024-12-15,11.0,December 2024,T4.0 2024.0,5. 10 000 – 12 000 DH
OFF-0066,Administrateur Système,It & Tech,Hps,Marrakech,Marrakech-Safi,CDI,8+ ans,Bac+8 / Doctorat,Télétravail complet,15500.0,,Azure; Git,2024-03-10,40.0,March 2024,T1.0 2024.0,7. 15 000 – 20 000 DH
OFF-0067,Cybersécurité Analyst,It & Tech,Sii Group,Rabat,Rabat-Salé-Kénitra,Freelance,0-2 ans,Sans Diplôme Requis,Présentiel,12900.0,Français; Anglais; Arabe,Java; Linux; Azure,2024-05-14,40.0,May 2024,T2.0 2024.0,6. 12 000 – 15 000 DH
OFF-0068,ML Engineer,It & Tech,Lydec,Casablanca,Casablanca-Settat,Freelance,5-8 ans,Bac+5 / Master,Télétravail complet,26700.0,Français,Git; React; Aws,2024-07-11,9.0,July 2024,T3.0 2024.0,8. > 20 000 DH
OFF-0069,Gestionnaire de Paie,Finance & Rh,Attijariwafa Bank,Marrakech,Marrakech-Safi,CDI,2-5 ans,Bac+3,Présentiel,8500.0,Anglais,Ifrs; Sap; Droit Du Travail,2024-07-29,41.0,July 2024,T3.0 2024.0,4. 8 000 – 10 000 DH
OFF-0070,Data Scientist,It & Tech,Accenture Maroc,Tanger,Tanger-Tétouan-Al Hoceïma,CDI,0-2 ans,Bac+2,Présentiel,9900.0,Français; Anglais; Arabe,Sql; Rest Api; Agile; Scrum; Power Bi,2024-08-18,23.0,August 2024,T3.0 2024.0,4. 8 000 – 10 000 DH
OFF-0071,Technicien Maintenance,Industrie,Lafarge Holcim,Tanger,Tanger-Tétouan-Al Hoceïma,Stage,5-8 ans,Bac+5 / Master,Télétravail complet,3918.0,"Français, Anglais, Arabe",Autocad; Amdec; Iso 9001; Lean Manufacturing,,7.0,,Tnan nan,1. < 4 000 DH
OFF-0072,Responsable RH,Finance & Rh,Datavision Maroc,Casablanca,Casablanca-Settat,CDI,2-5 ans,Bac+5 / Master,Hybride,9790.0,"Français, Anglais, Arabe",Consolidation; Excel Avancé; Sage; Ifrs; Sap,2024-06-28,13.0,June 2024,T2.0 2024.0,4. 8 000 – 10 000 DH
OFF-0073,Analyste Financier,Finance & Rh,Maroc Telecom,Tanger,Tanger-Tétouan-Al Hoceïma,Freelance,5-8 ans,Bac+5 / Master,Hybride,22100.0,Français; Anglais,Excel Avancé; Droit Du Travail; Paie; Sap,2024-06-23,10.0,June 2024,T2.0 2024.0,8. > 20 000 DH
OFF-0074,Analyste BI / Power BI,,Lafarge Holcim,Tanger,Tanger-Tétouan-Al Hoceïma,CDI,2-5 ans,Bac+2,Présentiel,,Français,Power Bi; Git; Javascript,2024-10-22,33.0,October 2024,T4.0 2024.0,Non renseigné
OFF-0075,DevOps Engineer,It & Tech,Peugeot Maroc,Tanger,Tanger-Tétouan-Al Hoceïma,Freelance,5-8 ans,Bac+5 / Master,Présentiel,26500.0,Français,Javascript; Linux; Typescript; Rest Api; Python,,5.0,,Tnan nan,8. > 20 000 DH
OFF-0076,Réceptionniste Hôtel,Tourisme,Total Maroc,Tanger,Tanger-Tétouan-Al Hoceïma,CDI,2-5 ans,Bac+5 / Master,Présentiel,4700.0,Anglais,Pack Office; Accueil Client; Gestion Réservations; Langues Étrangères,2024-04-05,38.0,April 2024,T2.0 2024.0,2. 4 000 – 6 000 DH
OFF-0077,Médecin Généraliste,,Akdital,Marrakech,Marrakech-Safi,CDI,2-5 ans,Bac+5 / Master,Présentiel,,Français,Diagnostic; Pharmacologie; Éthique Médicale; Soins Infirmiers,2024-11-14,7.0,November 2024,T4.0 2024.0,Non renseigné
OFF-0078,Technicien Maintenance,Industrie,Um6P,Casablanca,Casablanca-Settat,Freelance,2-5 ans,Bac+5 / Master,Hybride,10600.0,,Autocad; Plc; Scada; Iso 9001; Amdec; Lean Manufacturing,2025-01-09,43.0,January 2025,T1.0 2025.0,5. 10 000 – 12 000 DH
OFF-0079,Gestionnaire de Paie,Finance & Rh,Label'Vie,Marrakech,Marrakech-Safi,Stage,2-5 ans,Sans Diplôme Requis,Présentiel,4730.0,Français / Anglais,Droit Du Travail; Consolidation; Audit,2024-06-05,42.0,June 2024,T2.0 2024.0,2. 4 000 – 6 000 DH
OFF-0080,Comptable,Finance & Rh,Atlantic Digital,Oujda,Oriental,CDD,2-5 ans,Bac+5 / Master,Télétravail complet,5700.0,Français; Anglais,Consolidation; Excel Avancé; Sage,2024-05-02,21.0,May 2024,T2.0 2024.0,2. 4 000 – 6 000 DH
OFF-0081,Responsable Rh,Finance & Rh,Lydec,Tanger,Tanger-Tétouan-Al Hoceïma,CDI,0-2 ans,Bac+5 / Master,Hybride,10500.0,Français,Paie; Sage; Excel Avancé; Ifrs,2024-09-15,27.0,September 2024,T3.0 2024.0,5. 10 000 – 12 000 DH
OFF-0082,Cyber Analyst,It & Tech,Vivo Energy,Agadir,Souss-Massa,CDI,0-2 ans,Bac+3,Télétravail complet,11000.0,Français,Linux; Tensorflow; Sql; Agile; Scrum,2024-05-04,39.0,May 2024,T2.0 2024.0,5. 10 000 – 12 000 DH
OFF-0083,Développeur Full Stack,It & Tech,Kpmg Maroc,Tanger,Tanger-Tétouan-Al Hoceïma,CDI,8+ ans,Bac+3,Hybride,19600.0,Français,React; Node.Js,2025-01-01,24.0,January 2025,T1.0 2025.0,7. 15 000 – 20 000 DH
OFF-0084,Développeur Backend,It & Tech,Kpmg Maroc,Casablanca,Casablanca-Settat,CDI,5-8 ans,Bac+5 / Master,Hybride,14900.0,Français; Anglais; Arabe,Kubernetes; Git,2024-03-10,2.0,March 2024,T1.0 2024.0,6. 12 000 – 15 000 DH
OFF-0085,Responsable Commercial,Commerce,Hps,Rabat,Rabat-Salé-Kénitra,Freelance,2-5 ans,Sans Diplôme Requis,Présentiel,15180.0,Français; Arabe,Analyse De Marché; Salesforce; Négociation; Crm,2024-07-29,16.0,July 2024,T3.0 2024.0,7. 15 000 – 20 000 DH
OFF-0086,Guide Touristique,Tourisme,Marjane,Tanger,Tanger-Tétouan-Al Hoceïma,Stage,2-5 ans,Sans Diplôme Requis,Présentiel,5050.0,Français,Gestion Réservations; Langues Étrangères; Accueil Client; Pack Office,2024-06-10,25.0,June 2024,T2.0 2024.0,2. 4 000 – 6 000 DH
OFF-0087,Guide Touristique,Tourisme,Lydec,Rabat,Rabat-Salé-Kénitra,Freelance,5-8 ans,Bac+5 / Master,Télétravail complet,8700.0,Anglais,Langues Étrangères; Pack Office; Gestion Réservations; Accueil Client,2025-01-26,11.0,January 2025,T1.0 2025.0,4. 8 000 – 10 000 DH
OFF-0088,ML Engineer,It & Tech,Accenture Maroc,Tanger,Tanger-Tétouan-Al Hoceïma,CDI,0-2 ans,Bac+2,Hybride,13400.0,Français; Arabe,Linux; Java; Sql,2024-04-17,9.0,April 2024,T2.0 2024.0,6. 12 000 – 15 000 DH
OFF-0089,Responsable Commercial,Commerce,Total Maroc,Casablanca,Casablanca-Settat,CDI,2-5 ans,Bac+5 / Master,Télétravail complet,12500.0,Français; Anglais,Négociation; Email Marketing; Seo; Crm,,36.0,,Tnan nan,6. 12 000 – 15 000 DH
OFF-0090,Commercial,Commerce,Marjane,Agadir,Souss-Massa,CDI,5-8 ans,Bac+3,Présentiel,11500.0,Français; Arabe,Seo; Google Ads,,15.0,,Tnan nan,5. 10 000 – 12 000 DH
OFF-0091,DevOps Engineer,It & Tech,Oncf,Casablanca,Casablanca-Settat,CDI,0-2 ans,Sans Diplôme Requis,Présentiel,10300.0,Français; Anglais; Arabe,Linux; Kubernetes,2024-11-17,14.0,November 2024,T4.0 2024.0,5. 10 000 – 12 000 DH
OFF-0092,Resp. Commercial,Commerce,Alten Maroc,Casablanca,Casablanca-Settat,CDI,2-5 ans,Bac+5 / Master,Présentiel,11700.0,Français,Excel; Analyse De Marché; Google Ads; Seo,2024-10-27,29.0,October 2024,T4.0 2024.0,5. 10 000 – 12 000 DH
OFF-0093,Responsable Qualité,Industrie,Alten Maroc,Casablanca,Casablanca-Settat,CDI,0-2 ans,Bac+5 / Master,Hybride,6700.0,Français; Anglais; Arabe,Plc; Scada; Solidworks; Iso 9001; Autocad; Amdec,2024-12-21,37.0,December 2024,T4.0 2024.0,3. 6 000 – 8 000 DH
OFF-0094,Chef de Projet IT,It & Tech,Alten Maroc,Tanger,Tanger-Tétouan-Al Hoceïma,CDI,0-2 ans,Bac+5 / Master,Hybride,11000.0,Français; Anglais; Arabe,Linux; Git; Power Bi; Typescript,,10.0,,Tnan nan,5. 10 000 – 12 000 DH
OFF-0095,Ingénieur Production,Industrie,Oncf,Agadir,Souss-Massa,CDD,0-2 ans,Bac+5 / Master,Présentiel,5800.0,Français; Arabe,,2024-05-28,44.0,May 2024,T2.0 2024.0,2. 4 000 – 6 000 DH
OFF-0096,Contrôleur de Gestion,Finance & Rh,Accenture Maroc,Rabat,Rabat-Salé-Kénitra,CDI,2-5 ans,Bac+5 / Master,Hybride,10900.0,Français; Arabe,Ifrs; Audit,2024-10-27,7.0,October 2024,T4.0 2024.0,5. 10 000 – 12 000 DH
OFF-0097,Développeur Frontend,,Kpmg Maroc,Meknès,Fès-Meknès,Stage,0-2 ans,Bac+5 / Master,Présentiel,,Anglais,Agile; Scrum; Power Bi; Kubernetes; Javascript,2024-04-30,7.0,April 2024,T2.0 2024.0,Non renseigné
OFF-0098,Ing Production,Industrie,Kpmg Maroc,Casablanca,Casablanca-Settat,CDI,0-2 ans,Bac+3,Hybride,7700.0,Français; Anglais,Plc; Scada; Autocad; Solidworks,2024-07-12,17.0,July 2024,T3.0 2024.0,3. 6 000 – 8 000 DH
OFF-0099,Auditeur Financier,Finance & Rh,Peugeot Maroc,Rabat,Rabat-Salé-Kénitra,CDD,8+ ans,Bac+5 / Master,Présentiel,17100.0,Français; Anglais; Arabe,Consolidation; Sage,2025-02-06,16.0,February 2025,T1.0 2025.0,7. 15 000 – 20 000 DH
OFF-0100,Ml Ingénieur,It & Tech,Pwc Maroc,Marrakech,Marrakech-Safi,CDD,5-8 ans,Bac+3,Présentiel,17900.0,Anglais,Power Bi; Azure; Agile; Scrum; Kubernetes; Javascript,2024-12-30,43.0,December 2024,T4.0 2024.0,7. 15 000 – 20 000 DH
OFF-0101,Product Manager,It & Tech,Deloitte Maroc,Rabat,Rabat-Salé-Kénitra,CDD,0-2 ans,Bac+5 / Master,Hybride,11990.0,Anglais,Node.Js; Typescript; Agile; Scrum,2024-11-30,37.0,November 2024,T4.0 2024.0,5. 10 000 – 12 000 DH
OFF-0102,Développeur Full-Stack,It & Tech,Datavision Maroc,Tanger,Tanger-Tétouan-Al Hoceïma,CDI,2-5 ans,Bac+3,Hybride,11800.0,Anglais,Git; Azure; React; Docker; Aws,2024-06-21,26.0,June 2024,T2.0 2024.0,5. 10 000 – 12 000 DH
OFF-0103,Analyste Financier,Finance & Rh,Attijariwafa Bank,Rabat,Rabat-Salé-Kénitra,CDD,0-2 ans,Bac+3,Présentiel,8100.0,Français,,2024-09-03,29.0,September 2024,T3.0 2024.0,4. 8 000 – 10 000 DH
OFF-0104,Responsable Qualité,Industrie,Deloitte Maroc,Marrakech,Marrakech-Safi,Freelance,0-2 ans,Bac+8 / Doctorat,Présentiel,11200.0,Anglais,Plc; Scada; Iso 9001,2024-05-17,23.0,May 2024,T2.0 2024.0,5. 10 000 – 12 000 DH
OFF-0105,Chargé Marketing Digital,Commerce,Ernst & Young Maroc,Rabat,Rabat-Salé-Kénitra,Freelance,2-5 ans,Bac+5 / Master,Présentiel,10900.0,Français; Arabe,Excel; Salesforce; Seo; Google Ads,,35.0,,Tnan nan,5. 10 000 – 12 000 DH
OFF-0107,Ingénieur Génie Civil,Btp,Lafarge Holcim,Casablanca,Casablanca-Settat,Stage,2-5 ans,Sans Diplôme Requis,Télétravail complet,3075.0,Français,Béton Armé; Autocad; Revit,2024-05-16,39.0,May 2024,T2.0 2024.0,1. < 4 000 DH
OFF-0108,Responsable Rh,Finance & Rh,Université Hassan Ii,Tanger,Tanger-Tétouan-Al Hoceïma,Freelance,2-5 ans,Sans Diplôme Requis,Télétravail complet,12600.0,Français; Anglais,Sap; Droit Du Travail; Excel Avancé,2024-10-26,18.0,October 2024,T4.0 2024.0,6. 12 000 – 15 000 DH
OFF-0109,ML Engineer,It & Tech,Inwi,Rabat,Rabat-Salé-Kénitra,CDI,0-2 ans,Bac+2,Télétravail complet,13800.0,Français; Anglais,Java; Node.Js; Typescript; Aws,2024-12-10,38.0,December 2024,T4.0 2024.0,6. 12 000 – 15 000 DH
OFF-0110,Chargé Marketing Digital,Commerce,Managem,Kénitra,Rabat-Salé-Kénitra,CDI,8+ ans,Bac+3,Présentiel,16300.0,,Négociation; Analyse De Marché,,22.0,,Tnan nan,7. 15 000 – 20 000 DH
OFF-0111,Développeur Frontend,It & Tech,Kpmg Maroc,Marrakech,Marrakech-Safi,CDI,2-5 ans,Bac+3,Présentiel,10200.0,Français; Arabe,Typescript; Azure; Node.Js; Mongodb; Git,2024-03-31,38.0,March 2024,T1.0 2024.0,5. 10 000 – 12 000 DH
OFF-0112,Comptable,Finance & Rh,Hps,Tanger,Tanger-Tétouan-Al Hoceïma,CDD,5-8 ans,Bac+3,Télétravail complet,8000.0,Français,Sage; Excel Avancé,2024-12-27,12.0,December 2024,T4.0 2024.0,4. 8 000 – 10 000 DH
OFF-0113,Cybersécurité Analyst,,Deloitte Maroc,Rabat,Rabat-Salé-Kénitra,CDD,2-5 ans,Bac+5 / Master,Présentiel,,Français; Anglais; Arabe,,2025-02-10,35.0,February 2025,T1.0 2025.0,Non renseigné
OFF-0114,Réceptionniste Hôtel,Tourisme,Kpmg Maroc,Tanger,Tanger-Tétouan-Al Hoceïma,Freelance,5-8 ans,Bac+3,Présentiel,9400.0,Français; Anglais,Langues Étrangères; Pack Office; Gestion Réservations; Accueil Client,2024-04-09,29.0,April 2024,T2.0 2024.0,4. 8 000 – 10 000 DH
OFF-0115,Ml Ingénieur,It & Tech,Label'Vie,Tanger,Tanger-Tétouan-Al Hoceïma,Freelance,2-5 ans,Bac+2,Présentiel,22300.0,Français; Anglais; Arabe,React; Node.Js; Mongodb; Sql; Java,2024-06-17,27.0,June 2024,T2.0 2024.0,8. > 20 000 DH
OFF-0116,Chargé Marketing,Commerce,Um6P,Casablanca,Casablanca-Settat,CDI,0-2 ans,Bac+5 / Master,Présentiel,7000.0,Français; Anglais,Email Marketing; Salesforce; Négociation; Seo,2024-07-10,11.0,July 2024,T3.0 2024.0,3. 6 000 – 8 000 DH
OFF-0117,Ingénieur Production,Industrie,Orange Maroc,Marrakech,Marrakech-Safi,CDD,5-8 ans,Bac+8 / Doctorat,Présentiel,12100.0,Français; Anglais; Arabe,Solidworks; Autocad; Lean Manufacturing; Plc; Scada,,23.0,,Tnan nan,6. 12 000 – 15 000 DH
OFF-0118,Analyste BI / Power BI,It & Tech,Hps,Casablanca,Casablanca-Settat,CDI,2-5 ans,Bac+5 / Master,Présentiel,10500.0,Français,Agile; Scrum; Node.Js; Javascript,2024-11-14,21.0,November 2024,T4.0 2024.0,5. 10 000 – 12 000 DH
OFF-0119,Guide Touristique,Tourisme,Cgi Maroc,Tanger,Tanger-Tétouan-Al Hoceïma,CDI,2-5 ans,Bac+5 / Master,Présentiel,4000.0,Français; Anglais; Arabe,Accueil Client; Pack Office,2024-11-06,25.0,November 2024,T4.0 2024.0,2. 4 000 – 6 000 DH
OFF-0120,Commercial B2B,Commerce,Cgi Maroc,Rabat,Rabat-Salé-Kénitra,Freelance,2-5 ans,Bac+3,Présentiel,12500.0,Français; Anglais,Google Ads; Email Marketing; Seo; Crm; Salesforce,2024-07-31,19.0,July 2024,T3.0 2024.0,6. 12 000 – 15 000 DH
OFF-0121,Conducteur de Travaux,Btp,Attijariwafa Bank,Casablanca,Casablanca-Settat,CDD,5-8 ans,Bac+3,Hybride,11800.0,Français; Anglais; Arabe,Ms Project; Autocad; Béton Armé; Gestion De Chantier; Revit,2024-04-08,25.0,April 2024,T2.0 2024.0,5. 10 000 – 12 000 DH
OFF-0122,Ml Ingénieur,It & Tech,Capgemini Maroc,Casablanca,Casablanca-Settat,CDI,2-5 ans,Sans Diplôme Requis,Présentiel,14900.0,Français; Anglais; Arabe,Typescript; Aws; Node.Js; Rest Api,2024-07-09,26.0,July 2024,T3.0 2024.0,6. 12 000 – 15 000 DH
OFF-0123,Chargé Marketing Digital,Commerce,Peugeot Maroc,Fès,Fès-Meknès,Freelance,5-8 ans,Bac+5 / Master,Hybride,17800.0,Français; Anglais; Arabe,Email Marketing; Google Ads; Négociation; Crm,2024-03-01,35.0,March 2024,T1.0 2024.0,7. 15 000 – 20 000 DH
OFF-0124,Ingénieur Réseau,It & Tech,Peugeot Maroc,Marrakech,Marrakech-Safi,CDI,0-2 ans,Bac+5 / Master,Télétravail complet,8500.0,Français,Sql; Azure; Git,2024-07-28,29.0,July 2024,T3.0 2024.0,4. 8 000 – 10 000 DH
OFF-0125,Data Engineer,It & Tech,Marjane,Tanger,Tanger-Tétouan-Al Hoceïma,CDI,2-5 ans,Bac+2,Présentiel,15300.0,Anglais,Git; Javascript; Rest Api,,23.0,,Tnan nan,7. 15 000 – 20 000 DH
OFF-0126,Ml Ingénieur,It & Tech,Maroc Telecom,Rabat,Rabat-Salé-Kénitra,CDI,2-5 ans,Bac+2,Présentiel,17000.0,Français; Arabe,Linux; Mongodb; Rest Api,2024-09-28,26.0,September 2024,T3.0 2024.0,7. 15 000 – 20 000 DH
OFF-0127,Analyste BI / Power BI,It & Tech,Kpmg Maroc,Casablanca,Casablanca-Settat,CDD,0-2 ans,Bac+5 / Master,Présentiel,9900.0,Français,Node.Js; Rest Api,2024-10-08,26.0,October 2024,T4.0 2024.0,4. 8 000 – 10 000 DH
OFF-0128,Ux Designer,It & Tech,Inwi,Fès,Fès-Meknès,CDI,2-5 ans,Bac+3,Hybride,10500.0,Anglais,Aws; Typescript; Node.Js; Tensorflow; React,,41.0,,Tnan nan,5. 10 000 – 12 000 DH
OFF-0129,Administrateur Système,It & Tech,Orange Maroc,Casablanca,Casablanca-Settat,CDI,8+ ans,Bac+5 / Master,Hybride,17600.0,Français; Anglais; Arabe,Agile; Scrum; Java,2024-06-18,23.0,June 2024,T2.0 2024.0,7. 15 000 – 20 000 DH
OFF-0130,Chargé Marketing Digital,Commerce,Sii Group,Rabat,Rabat-Salé-Kénitra,CDI,5-8 ans,Bac+5 / Master,Hybride,11500.0,Français; Anglais,Négociation; Salesforce; Analyse De Marché; Google Ads,2024-05-13,8.0,May 2024,T2.0 2024.0,5. 10 000 – 12 000 DH
OFF-0131,Guide Touristique,Tourisme,Managem,Casablanca,Casablanca-Settat,CDI,0-2 ans,Bac+3,Hybride,4600.0,Français; Anglais; Arabe,,2024-10-27,13.0,October 2024,T4.0 2024.0,2. 4 000 – 6 000 DH
OFF-0132,DevOps Engineer,It & Tech,Alten Maroc,Casablanca,Casablanca-Settat,CDI,0-2 ans,Bac+2,Présentiel,11700.0,Français,Agile; Scrum; Aws,2024-07-20,13.0,July 2024,T3.0 2024.0,5. 10 000 – 12 000 DH
OFF-0133,Pharmacien,Santé,Label'Vie,Casablanca,Casablanca-Settat,CDI,2-5 ans,Bac+3,Hybride,11500.0,Français; Anglais; Arabe,Soins Infirmiers; Éthique Médicale; Pharmacologie; Diagnostic,2024-12-05,42.0,December 2024,T4.0 2024.0,5. 10 000 – 12 000 DH
OFF-0134,Comptable,Finance & Rh,Inwi,Rabat,Rabat-Salé-Kénitra,CDI,5-8 ans,Bac+5 / Master,Présentiel,8000.0,Français; Anglais,Paie; Sage,2025-01-11,20.0,January 2025,T1.0 2025.0,4. 8 000 – 10 000 DH
OFF-0135,Médecin Généraliste,Santé,Pwc Maroc,Marrakech,Marrakech-Safi,CDI,8+ ans,Bac+3,Présentiel,29300.0,,Éthique Médicale; Soins Infirmiers; Diagnostic,,37.0,,Tnan nan,8. > 20 000 DH
OFF-0136,Auditeur Financier,Finance & Rh,Label'Vie,Casablanca,Casablanca-Settat,CDI,0-2 ans,Bac+5 / Master,Présentiel,7400.0,Français; Anglais; Arabe,Paie; Droit Du Travail; Sage; Consolidation; Audit,2024-07-18,42.0,July 2024,T3.0 2024.0,3. 6 000 – 8 000 DH
OFF-0137,Infirmier,,Sqli Maroc,Casablanca,Casablanca-Settat,Alternance,2-5 ans,Sans Diplôme Requis,Présentiel,,Français,Pharmacologie; Soins Infirmiers; Éthique Médicale; Diagnostic,2025-02-09,34.0,February 2025,T1.0 2025.0,Non renseigné
OFF-0138,Chargé Marketing,Commerce,Um6P,Tanger,Tanger-Tétouan-Al Hoceïma,CDI,2-5 ans,Bac+2,Télétravail complet,9700.0,Français,Email Marketing; Seo,2024-07-09,25.0,July 2024,T3.0 2024.0,4. 8 000 – 10 000 DH
OFF-0139,Ingénieur Génie Civil,Btp,Bmce Bank,Tanger,Tanger-Tétouan-Al Hoceïma,CDI,8+ ans,Bac+3,Télétravail complet,15700.0,Français,Revit; Béton Armé,2024-07-18,26.0,July 2024,T3.0 2024.0,7. 15 000 – 20 000 DH
OFF-0140,Médecin Généraliste,Santé,Oncf,Fès,Fès-Meknès,Alternance,0-2 ans,Bac+5 / Master,Hybride,3895.0,Français,Éthique Médicale; Pharmacologie; Soins Infirmiers; Diagnostic,2024-05-11,20.0,May 2024,T2.0 2024.0,1. < 4 000 DH
OFF-0141,Technicien Maintenance,Industrie,Atlantic Digital,Tanger,Tanger-Tétouan-Al Hoceïma,CDI,0-2 ans,Bac+3,Hybride,5700.0,Français; Anglais; Arabe,Autocad; Plc; Scada; Lean Manufacturing; Amdec,2024-08-13,29.0,August 2024,T3.0 2024.0,2. 4 000 – 6 000 DH
OFF-0142,Chef de Projet IT,It & Tech,Université Hassan Ii,Casablanca,Casablanca-Settat,CDI,0-2 ans,Bac+2,Télétravail complet,12800.0,Anglais,Node.Js; Linux; Mongodb; Tensorflow,2024-11-23,22.0,November 2024,T4.0 2024.0,6. 12 000 – 15 000 DH
OFF-0143,Ingénieur Réseau,It & Tech,Datavision Maroc,Casablanca,Casablanca-Settat,CDI,0-2 ans,Bac+3,Présentiel,9500.0,Français,Tensorflow; Python,,27.0,,Tnan nan,4. 8 000 – 10 000 DH
OFF-0145,Développeur Frontend,It & Tech,Attijariwafa Bank,Casablanca,Casablanca-Settat,CDD,8+ ans,Bac+3,Télétravail complet,14800.0,Anglais,React; Agile; Scrum; Docker; Rest Api; Kubernetes,2024-06-03,32.0,June 2024,T2.0 2024.0,6. 12 000 – 15 000 DH
OFF-0146,Conducteur de Travaux,Btp,Total Maroc,Casablanca,Casablanca-Settat,CDI,2-5 ans,Bac+5 / Master,Présentiel,10340.0,Français; Anglais,Ms Project; Revit; Autocad; Béton Armé,2024-11-05,40.0,November 2024,T4.0 2024.0,5. 10 000 – 12 000 DH
OFF-0147,Cyber Analyst,It & Tech,Hps,Casablanca,Casablanca-Settat,Alternance,5-8 ans,Bac+5 / Master,Présentiel,5813.0,Français,Javascript; Typescript; Aws; Rest Api; Node.Js,2025-01-13,32.0,January 2025,T1.0 2025.0,2. 4 000 – 6 000 DH
OFF-0148,Data Scientist,It & Tech,Maroc Telecom,Casablanca,Casablanca-Settat,CDD,0-2 ans,Bac+5 / Master,Présentiel,10000.0,Français; Anglais; Arabe,Linux; Rest Api; Node.Js,,8.0,,Tnan nan,5. 10 000 – 12 000 DH
OFF-0149,Administrateur Système,It & Tech,Accenture Maroc,Casablanca,Casablanca-Settat,Freelance,2-5 ans,Bac+5 / Master,Hybride,11990.0,Français; Anglais,Python; Kubernetes,,33.0,,Tnan nan,5. 10 000 – 12 000 DH
OFF-0150,ML Engineer,It & Tech,Vivo Energy,Casablanca,Casablanca-Settat,CDI,5-8 ans,Bac+2,Hybride,19900.0,Français,Power Bi; React; Sql,,24.0,,Tnan nan,7. 15 000 – 20 000 DH
OFF-0151,Pharmacien,Santé,Ocp Group,Marrakech,Marrakech-Safi,Freelance,0-2 ans,Sans Diplôme Requis,Hybride,11200.0,Anglais,,2024-08-06,15.0,August 2024,T3.0 2024.0,5. 10 000 – 12 000 DH
OFF-0152,Analyste Financier,Finance & Rh,Sqli Maroc,Casablanca,Casablanca-Settat,CDI,8+ ans,Bac+5 / Master,Présentiel,18200.0,Anglais,Droit Du Travail; Excel Avancé; Paie,2025-01-17,45.0,January 2025,T1.0 2025.0,7. 15 000 – 20 000 DH
OFF-0153,Data Scientist,It & Tech,Capgemini Maroc,Marrakech,Marrakech-Safi,CDI,5-8 ans,Sans Diplôme Requis,Présentiel,19000.0,Français; Arabe,Kubernetes; Tensorflow; Power Bi,2024-09-29,8.0,September 2024,T3.0 2024.0,7. 15 000 – 20 000 DH
OFF-0154,Data Scientist,It & Tech,Attijariwafa Bank,Casablanca,Casablanca-Settat,CDI,2-5 ans,Non Renseigné,Télétravail complet,15300.0,Anglais,Mongodb; Power Bi; Docker; Azure; React,2024-12-24,26.0,December 2024,T4.0 2024.0,7. 15 000 – 20 000 DH
OFF-0155,Ing Production,,Datavision Maroc,Casablanca,Casablanca-Settat,Alternance,5-8 ans,Bac+3,Télétravail complet,,Français; Anglais,Solidworks; Autocad; Iso 9001; Lean Manufacturing; Amdec,2025-01-11,36.0,January 2025,T1.0 2025.0,Non renseigné
OFF-0156,Administrateur Système,It & Tech,Kpmg Maroc,Marrakech,Marrakech-Safi,CDI,5-8 ans,Bac+2,Hybride,12000.0,Français; Arabe,Javascript; Linux; Rest Api; Kubernetes; Typescript,2024-07-22,44.0,July 2024,T3.0 2024.0,6. 12 000 – 15 000 DH
OFF-0157,Réceptionniste Hôtel,Tourisme,Deloitte Maroc,Casablanca,Casablanca-Settat,CDI,0-2 ans,Bac+3,Présentiel,3500.0,"Français, Arabe",Pack Office; Accueil Client; Gestion Réservations,2024-06-17,11.0,June 2024,T2.0 2024.0,1. < 4 000 DH
OFF-0158,Technicien Maintenance,Industrie,Cih Bank,Casablanca,Casablanca-Settat,Freelance,0-2 ans,Bac+3,Télétravail complet,6900.0,Français; Anglais,Amdec; Iso 9001; Autocad,2024-09-21,21.0,September 2024,T3.0 2024.0,3. 6 000 – 8 000 DH
OFF-0159,Community Manager,Commerce,Ernst & Young Maroc,Oujda,Oriental,CDI,0-2 ans,Bac+2,Présentiel,5600.0,Français; Arabe,Négociation; Analyse De Marché; Salesforce; Crm; Excel,2024-03-05,45.0,March 2024,T1.0 2024.0,2. 4 000 – 6 000 DH
OFF-0161,Administrateur Système,It & Tech,Label'Vie,Marrakech,Marrakech-Safi,CDI,0-2 ans,Bac+5 / Master,Présentiel,6900.0,Français; Arabe,Sql; Typescript,2024-08-23,27.0,August 2024,T3.0 2024.0,3. 6 000 – 8 000 DH
OFF-0162,Développeur Full Stack,It & Tech,Alten Maroc,Casablanca,Casablanca-Settat,CDD,2-5 ans,Sans Diplôme Requis,Hybride,10300.0,Français,Agile; Scrum; Rest Api; React; Azure,2024-05-14,26.0,May 2024,T2.0 2024.0,5. 10 000 – 12 000 DH
OFF-0163,DevOps Engineer,It & Tech,Sii Group,Tanger,Tanger-Tétouan-Al Hoceïma,CDD,2-5 ans,Bac+5 / Master,Hybride,15200.0,Français; Anglais; Arabe,Python; Tensorflow,2024-09-16,26.0,September 2024,T3.0 2024.0,7. 15 000 – 20 000 DH
OFF-0164,Développeur Full Stack,It & Tech,Carrefour Maroc,Casablanca,Casablanca-Settat,Stage,2-5 ans,Bac+3,Télétravail complet,3323.0,Français,Kubernetes; Java; Aws; Mongodb; Agile; Scrum,2024-08-16,4.0,August 2024,T3.0 2024.0,1. < 4 000 DH
OFF-0165,Data Engneer,It & Tech,Datavision Maroc,Marrakech,Marrakech-Safi,CDI,5-8 ans,Bac+5 / Master,Présentiel,18600.0,Français,Kubernetes; Agile; Scrum; Rest Api; Typescript,2024-08-09,43.0,August 2024,T3.0 2024.0,7. 15 000 – 20 000 DH
OFF-0166,Technicien Maintenance,Industrie,Total Maroc,Tanger,Tanger-Tétouan-Al Hoceïma,CDI,0-2 ans,Bac+5 / Master,Présentiel,5300.0,,Plc; Scada; Iso 9001; Amdec; Lean Manufacturing; Solidworks,2024-10-19,33.0,October 2024,T4.0 2024.0,2. 4 000 – 6 000 DH
OFF-0167,Product Manager,It & Tech,Cgi Maroc,Casablanca,Casablanca-Settat,CDI,0-2 ans,Bac+3,Présentiel,11000.0,"Français, Anglais, Arabe",Node.Js; Tensorflow; Typescript; Sql,2024-07-04,7.0,July 2024,T3.0 2024.0,5. 10 000 – 12 000 DH
OFF-0168,ML Engineer,It & Tech,Lafarge Holcim,Casablanca,Casablanca-Settat,CDI,5-8 ans,Bac+3,Présentiel,21800.0,Français; Anglais; Arabe,Power Bi; Docker,2024-04-05,15.0,April 2024,T2.0 2024.0,8. > 20 000 DH
OFF-0169,Comptable,Finance & Rh,Carrefour Maroc,Rabat,Rabat-Salé-Kénitra,CDI,2-5 ans,Bac+3,Télétravail complet,6000.0,Français; Arabe,Paie; Sage,2024-06-15,25.0,June 2024,T2.0 2024.0,3. 6 000 – 8 000 DH
OFF-0170,Contrôleur de Gestion,Finance & Rh,Cih Bank,Casablanca,Casablanca-Settat,CDI,2-5 ans,Bac+5 / Master,Présentiel,10400.0,Français; Anglais; Arabe,Sage; Paie,2024-11-06,44.0,November 2024,T4.0 2024.0,5. 10 000 – 12 000 DH
OFF-0171,Data Engineeer,It & Tech,Hps,Fès,Fès-Meknès,Freelance,0-2 ans,Bac+5 / Master,Hybride,15300.0,Français; Anglais; Arabe,Javascript; Sql; React,2024-03-10,17.0,March 2024,T1.0 2024.0,7. 15 000 – 20 000 DH
OFF-0172,Développeur Frontend,It & Tech,Akdital,Rabat,Rabat-Salé-Kénitra,CDD,0-2 ans,Bac+5 / Master,Télétravail complet,6500.0,Anglais,Power Bi; Docker,2024-10-29,26.0,October 2024,T4.0 2024.0,3. 6 000 – 8 000 DH
OFF-0173,Responsable Rh,Finance & Rh,Techma Solutions,Rabat,Rabat-Salé-Kénitra,CDI,2-5 ans,Sans Diplôme Requis,Hybride,8600.0,Anglais,,2024-07-02,18.0,July 2024,T3.0 2024.0,4. 8 000 – 10 000 DH
OFF-0175,Guide Touristique,Tourisme,Ram,Casablanca,Casablanca-Settat,CDI,2-5 ans,Bac+3,Présentiel,5600.0,Français; Anglais,Pack Office; Accueil Client; Langues Étrangères; Gestion Réservations,2024-07-11,16.0,July 2024,T3.0 2024.0,2. 4 000 – 6 000 DH
OFF-0176,Pharmacien,,Alten Maroc,Marrakech,Marrakech-Safi,CDI,2-5 ans,Bac+5 / Master,Présentiel,,Anglais,Éthique Médicale; Soins Infirmiers; Diagnostic; Pharmacologie,2024-07-16,42.0,July 2024,T3.0 2024.0,Non renseigné
OFF-0177,Data Engneer,It & Tech,Peugeot Maroc,Fès,Fès-Meknès,CDI,0-2 ans,Bac+3,Présentiel,10600.0,Anglais,Tensorflow; Rest Api,2024-05-16,40.0,May 2024,T2.0 2024.0,5. 10 000 – 12 000 DH
OFF-0178,Analyste Financier,Finance & Rh,Ocp Group,Rabat,Rabat-Salé-Kénitra,CDI,2-5 ans,Bac+3,Présentiel,11200.0,Français; Anglais; Arabe,Sage; Consolidation; Ifrs,2024-07-28,30.0,July 2024,T3.0 2024.0,5. 10 000 – 12 000 DH
OFF-0179,Ingénieur Réseau,It & Tech,Pwc Maroc,Tanger,Tanger-Tétouan-Al Hoceïma,CDI,2-5 ans,Bac+3,Hybride,12800.0,Français; Arabe,Aws; React; Kubernetes; Sql; Azure,2024-12-22,43.0,December 2024,T4.0 2024.0,6. 12 000 – 15 000 DH
OFF-0180,Auditeur Financier,Finance & Rh,Atlantic Digital,Casablanca,Casablanca-Settat,Freelance,5-8 ans,Bac+3,Présentiel,18400.0,Français,Paie; Consolidation; Droit Du Travail,2024-06-26,31.0,June 2024,T2.0 2024.0,7. 15 000 – 20 000 DH
OFF-0182,Réceptionniste Hôtel,Tourisme,Capgemini Maroc,Casablanca,Casablanca-Settat,CDI,5-8 ans,Bac+3,Présentiel,5600.0,Français; Anglais,Langues Étrangères; Accueil Client,2024-08-22,21.0,August 2024,T3.0 2024.0,2. 4 000 – 6 000 DH
OFF-0183,Administrateur Système,It & Tech,Lydec,Casablanca,Casablanca-Settat,Freelance,0-2 ans,Bac+2,Présentiel,10700.0,Français; Arabe,Rest Api; Mongodb,2024-06-25,26.0,June 2024,T2.0 2024.0,5. 10 000 – 12 000 DH
OFF-0184,Développeur Full-Stack,It & Tech,Atlantic Digital,Casablanca,Casablanca-Settat,Alternance,0-2 ans,Bac+3,Hybride,5912.0,Français; Anglais,Azure; Aws; Java; Agile; Scrum,2024-04-26,16.0,April 2024,T2.0 2024.0,2. 4 000 – 6 000 DH
OFF-0185,Pharmacien,Santé,Ocp Group,Casablanca,Casablanca-Settat,CDI,2-5 ans,Bac+5 / Master,Présentiel,12900.0,Français / Anglais,Soins Infirmiers; Diagnostic; Éthique Médicale; Pharmacologie,2025-01-02,40.0,January 2025,T1.0 2025.0,6. 12 000 – 15 000 DH
OFF-0186,Community Manager,Commerce,Oncf,Marrakech,Marrakech-Safi,CDI,0-2 ans,Bac+5 / Master,Télétravail complet,11500.0,Français; Anglais,Crm; Google Ads,2024-04-15,38.0,April 2024,T2.0 2024.0,5. 10 000 – 12 000 DH
OFF-0187,Guide Touristique,Tourisme,Renault Maroc,Oujda,Oriental,CDI,0-2 ans,Bac+2,Télétravail complet,4100.0,Français / Arabe,Gestion Réservations; Pack Office; Accueil Client; Langues Étrangères,2024-10-01,35.0,October 2024,T4.0 2024.0,2. 4 000 – 6 000 DH
OFF-0188,Analyste Financier,Finance & Rh,Akdital,Rabat,Rabat-Salé-Kénitra,CDI,2-5 ans,Non Renseigné,Hybride,11700.0,"Français, Anglais",Sap; Audit; Ifrs,2024-06-27,12.0,June 2024,T2.0 2024.0,5. 10 000 – 12 000 DH
OFF-0189,Développeur Frontend,It & Tech,Inwi,Marrakech,Marrakech-Safi,CDI,2-5 ans,Bac+3,Présentiel,11000.0,Français,Typescript; Node.Js; Power Bi,,18.0,,Tnan nan,5. 10 000 – 12 000 DH
OFF-0190,Data Scientist,It & Tech,Ocp Group,Fès,Fès-Meknès,CDI,0-2 ans,Bac+2,Présentiel,10000.0,Français; Anglais,Sql; Mongodb; Javascript,,36.0,,Tnan nan,5. 10 000 – 12 000 DH
OFF-0191,Réceptionniste Hôtel,Tourisme,Hps,Casablanca,Casablanca-Settat,CDI,2-5 ans,Bac+2,Présentiel,4950.0,Français; Anglais,Langues Étrangères; Pack Office; Gestion Réservations; Accueil Client,2024-03-06,15.0,March 2024,T1.0 2024.0,2. 4 000 – 6 000 DH
OFF-0192,Ux Designer,It & Tech,Maroc Telecom,Casablanca,Casablanca-Settat,CDI,0-2 ans,Bac+5 / Master,Présentiel,8300.0,Français; Anglais,Docker; Linux,,1.0,,Tnan nan,4. 8 000 – 10 000 DH
OFF-0193,Data Sientist,It & Tech,Lafarge Holcim,Tanger,Tanger-Tétouan-Al Hoceïma,CDI,2-5 ans,Bac+5 / Master,Hybride,16000.0,Français; Arabe,Rest Api; Docker; Typescript,2024-12-16,29.0,December 2024,T4.0 2024.0,7. 15 000 – 20 000 DH
OFF-0194,Auditeur Financier,Finance & Rh,Carrefour Maroc,Casablanca,Casablanca-Settat,Stage,8+ ans,Bac+3,Présentiel,3783.0,Français; Anglais; Arabe,Sage; Ifrs,2024-03-22,23.0,March 2024,T1.0 2024.0,1. < 4 000 DH
OFF-0195,Dév. Full Stack,It & Tech,Orange Maroc,Casablanca,Casablanca-Settat,CDI,5-8 ans,Bac+5 / Master,Hybride,17000.0,Français; Anglais; Arabe,Typescript; Aws; React,2024-04-16,22.0,April 2024,T2.0 2024.0,7. 15 000 – 20 000 DH
OFF-0196,Cybersécurité Analyst,It & Tech,Université Hassan Ii,Casablanca,Casablanca-Settat,CDI,5-8 ans,Sans Diplôme Requis,Télétravail complet,18600.0,Français,Docker; Kubernetes; Node.Js; Rest Api; Javascript,2024-10-12,17.0,October 2024,T4.0 2024.0,7. 15 000 – 20 000 DH
OFF-0197,Chef de Projet IT,It & Tech,Ernst & Young Maroc,Casablanca,Casablanca-Settat,Alternance,5-8 ans,Bac+5 / Master,Présentiel,3888.0,Français; Arabe,Java; Agile; Scrum; Tensorflow,2024-11-17,34.0,November 2024,T4.0 2024.0,1. < 4 000 DH
OFF-0198,Développeur Frontend,It & Tech,Sii Group,Tanger,Tanger-Tétouan-Al Hoceïma,CDI,0-2 ans,Bac+5 / Master,Présentiel,7700.0,Français; Anglais; Arabe,Typescript; Docker; Aws,2025-02-23,34.0,February 2025,T1.0 2025.0,3. 6 000 – 8 000 DH
OFF-0199,Responsable Qualité,Industrie,Attijariwafa Bank,Casablanca,Casablanca-Settat,CDI,2-5 ans,Bac+2,Présentiel,9900.0,Français; Anglais; Arabe,Lean Manufacturing; Solidworks,2024-10-24,3.0,October 2024,T4.0 2024.0,4. 8 000 – 10 000 DH
OFF-0200,Ingénieur Génie Civil,Btp,Oncf,Casablanca,Casablanca-Settat,CDI,2-5 ans,Bac+5 / Master,Hybride,11400.0,Anglais,Revit; Ms Project; Autocad,2024-10-16,26.0,October 2024,T4.0 2024.0,5. 10 000 – 12 000 DH
OFF-0201,Conducteur de Travaux,Btp,Akdital,Casablanca,Casablanca-Settat,CDD,2-5 ans,Bac+3,Présentiel,7700.0,Français; Arabe,Gestion De Chantier; Revit; Béton Armé; Ms Project; Autocad,2024-04-02,12.0,April 2024,T2.0 2024.0,3. 6 000 – 8 000 DH
OFF-0202,Contrôleur de Gestion,Finance & Rh,Kpmg Maroc,Rabat,Rabat-Salé-Kénitra,CDI,0-2 ans,Bac+2,Présentiel,7500.0,Français; Anglais; Arabe,Audit; Sap; Ifrs; Droit Du Travail,2024-12-31,32.0,December 2024,T4.0 2024.0,3. 6 000 – 8 000 DH
OFF-0203,Gestionnaire de Paie,Finance & Rh,Alten Maroc,Rabat,Rabat-Salé-Kénitra,CDD,8+ ans,Bac+3,Télétravail complet,9600.0,Français; Anglais,Audit; Paie; Ifrs; Droit Du Travail,2024-05-14,9.0,May 2024,T2.0 2024.0,4. 8 000 – 10 000 DH
OFF-0204,Analyste BI / Power BI,It & Tech,Cgi Maroc,Agadir,Souss-Massa,CDI,2-5 ans,Bac+3,Présentiel,11800.0,Anglais,Power Bi; Docker; Agile; Scrum,2024-07-30,39.0,July 2024,T3.0 2024.0,5. 10 000 – 12 000 DH
OFF-0205,Ingénieur Production,Industrie,Carrefour Maroc,Casablanca,Casablanca-Settat,Stage,5-8 ans,Bac+5 / Master,Présentiel,3737.0,Anglais,Amdec; Plc; Scada; Lean Manufacturing,2024-12-23,10.0,December 2024,T4.0 2024.0,1. < 4 000 DH
OFF-0206,Chef de Projet IT,It & Tech,Datavision Maroc,Rabat,Rabat-Salé-Kénitra,CDI,2-5 ans,Bac+5 / Master,Hybride,14400.0,Français; Arabe,Azure; Mongodb; Aws; Agile; Scrum; Kubernetes,,44.0,,Tnan nan,6. 12 000 – 15 000 DH
OFF-0207,Ing. Réseau,It & Tech,Ocp Group,Casablanca,Casablanca-Settat,CDI,2-5 ans,Bac+3,Présentiel,10780.0,Français; Anglais,Python; Power Bi; Git; Kubernetes,2024-12-28,8.0,December 2024,T4.0 2024.0,5. 10 000 – 12 000 DH
OFF-0208,Gestionnaire de Paie,Finance & Rh,Peugeot Maroc,Marrakech,Marrakech-Safi,CDI,2-5 ans,Bac+5 / Master,Télétravail complet,8000.0,Français; Anglais; Arabe,Consolidation; Audit; Sap; Ifrs; Excel Avancé,2024-11-29,15.0,November 2024,T4.0 2024.0,4. 8 000 – 10 000 DH
OFF-0209,Product Manager,It & Tech,Akdital,Tanger,Tanger-Tétouan-Al Hoceïma,CDI,5-8 ans,Bac+3,Présentiel,18100.0,Français; Anglais; Arabe,Git; Agile; Scrum; Node.Js; React,2024-12-09,39.0,December 2024,T4.0 2024.0,7. 15 000 – 20 000 DH
OFF-0210,Pharmacien,Santé,Alten Maroc,Rabat,Rabat-Salé-Kénitra,CDI,0-2 ans,Bac+2,Présentiel,12200.0,,Soins Infirmiers; Diagnostic; Éthique Médicale,2024-07-10,45.0,July 2024,T3.0 2024.0,6. 12 000 – 15 000 DH
OFF-0211,Ingénieur Génie Civil,Btp,Inwi,Casablanca,Casablanca-Settat,CDI,0-2 ans,Bac+3,Présentiel,7900.0,Français; Anglais,Ms Project; Gestion De Chantier; Béton Armé,2024-03-03,24.0,March 2024,T1.0 2024.0,3. 6 000 – 8 000 DH
OFF-0212,Comptable,Finance & Rh,Lafarge Holcim,Casablanca,Casablanca-Settat,CDI,2-5 ans,Bac+5 / Master,Hybride,6600.0,Français / Anglais / Arabe,Consolidation; Sage; Droit Du Travail; Audit; Sap,,26.0,,Tnan nan,3. 6 000 – 8 000 DH
OFF-0213,Ingénieur Génie Civil,Btp,Cgi Maroc,Meknès,Fès-Meknès,CDD,2-5 ans,Bac+2,Télétravail complet,8400.0,Français; Anglais; Arabe,Béton Armé; Gestion De Chantier; Ms Project,2024-06-29,5.0,June 2024,T2.0 2024.0,4. 8 000 – 10 000 DH
OFF-0214,Développeur Backend,It & Tech,Atlantic Digital,Tétouan,Tanger-Tétouan-Al Hoceïma,Stage,0-2 ans,Bac+5 / Master,Télétravail complet,2772.0,Français; Anglais,React; Python; Azure,,26.0,,Tnan nan,1. < 4 000 DH
OFF-0215,Ingénieur Réseau,It & Tech,Akdital,Marrakech,Marrakech-Safi,CDD,8+ ans,Bac+5 / Master,Télétravail complet,14100.0,,Tensorflow; Mongodb,2024-10-16,43.0,October 2024,T4.0 2024.0,6. 12 000 – 15 000 DH
OFF-0217,Cybersécurité Analyst,It & Tech,Vivo Energy,Agadir,Souss-Massa,CDD,2-5 ans,Bac+5 / Master,Télétravail complet,13400.0,Français; Anglais; Arabe,Mongodb; Tensorflow; Python; Sql,,20.0,,Tnan nan,6. 12 000 – 15 000 DH
OFF-0218,Pharmacien,Santé,Capgemini Maroc,Tanger,Tanger-Tétouan-Al Hoceïma,Freelance,2-5 ans,Sans Diplôme Requis,Télétravail complet,14000.0,Français,Diagnostic; Éthique Médicale; Pharmacologie,2024-09-05,39.0,September 2024,T3.0 2024.0,6. 12 000 – 15 000 DH
OFF-0219,Data Engineeer,It & Tech,Université Hassan Ii,Tanger,Tanger-Tétouan-Al Hoceïma,Alternance,2-5 ans,Bac+5 / Master,Présentiel,4425.0,"Français, Anglais",Linux; Mongodb; Agile; Scrum; Java,2024-04-21,7.0,April 2024,T2.0 2024.0,2. 4 000 – 6 000 DH
OFF-0220,Réceptionniste Hôtel,Tourisme,Datavision Maroc,Casablanca,Casablanca-Settat,CDD,5-8 ans,Bac+5 / Master,Hybride,5100.0,Français,Pack Office; Accueil Client; Langues Étrangères,2024-03-07,45.0,March 2024,T1.0 2024.0,2. 4 000 – 6 000 DH
OFF-0221,DevOps Engineer,It & Tech,Akdital,Tanger,Tanger-Tétouan-Al Hoceïma,CDI,5-8 ans,Bac+5 / Master,Présentiel,21800.0,Français; Anglais; Arabe,Node.Js; React; Tensorflow; Mongodb,,28.0,,Tnan nan,8. > 20 000 DH
OFF-0222,Chef de Projet IT,It & Tech,Renault Maroc,Casablanca,Casablanca-Settat,CDD,2-5 ans,Sans Diplôme Requis,Présentiel,14630.0,Français,Git; React; Tensorflow,2024-06-20,33.0,June 2024,T2.0 2024.0,6. 12 000 – 15 000 DH
OFF-0223,Administrateur Système,It & Tech,Capgemini Maroc,Tanger,Tanger-Tétouan-Al Hoceïma,CDI,8+ ans,Bac+5 / Master,Présentiel,17100.0,,Mongodb; Rest Api; Tensorflow; Javascript,2024-11-21,22.0,November 2024,T4.0 2024.0,7. 15 000 – 20 000 DH
OFF-0224,DevOps Engineer,It & Tech,Um6P,Agadir,Souss-Massa,CDI,0-2 ans,Bac+5 / Master,Télétravail complet,12100.0,Français; Anglais,Sql; Java; Git; Azure,2024-10-20,26.0,October 2024,T4.0 2024.0,6. 12 000 – 15 000 DH
OFF-0225,Responsable Qualité,Industrie,Atlantic Digital,Tanger,Tanger-Tétouan-Al Hoceïma,CDD,5-8 ans,Non Renseigné,Présentiel,11500.0,Français,Lean Manufacturing; Autocad; Amdec; Plc; Scada,2024-03-26,15.0,March 2024,T1.0 2024.0,5. 10 000 – 12 000 DH
OFF-0226,Contrôleur de Gestion,Finance & Rh,Orange Maroc,Rabat,Rabat-Salé-Kénitra,CDI,2-5 ans,Sans Diplôme Requis,Télétravail complet,11110.0,Français; Arabe,Sage; Consolidation,,39.0,,Tnan nan,5. 10 000 – 12 000 DH
OFF-0227,Technicien Maintenance,,Sqli Maroc,Tanger,Tanger-Tétouan-Al Hoceïma,CDI,2-5 ans,Bac+5 / Master,Présentiel,,Français,Amdec; Solidworks; Iso 9001; Plc; Scada; Autocad,2025-02-09,23.0,February 2025,T1.0 2025.0,Non renseigné
OFF-0228,Data Engineer,It & Tech,Ernst & Young Maroc,Casablanca,Casablanca-Settat,CDI,5-8 ans,Bac+8 / Doctorat,Hybride,15300.0,Français; Arabe,Node.Js; Sql; Rest Api; Agile; Scrum; React,2024-06-03,45.0,June 2024,T2.0 2024.0,7. 15 000 – 20 000 DH
OFF-0229,Développeur Full Stack,It & Tech,Lydec,Casablanca,Casablanca-Settat,CDI,8+ ans,Bac+5 / Master,Présentiel,20500.0,Français; Arabe,Azure; Sql; Mongodb; Linux,2024-08-31,36.0,August 2024,T3.0 2024.0,8. > 20 000 DH
OFF-0230,Administrateur Système,It & Tech,Lafarge Holcim,Casablanca,Casablanca-Settat,CDD,5-8 ans,Bac+5 / Master,Présentiel,11200.0,Anglais,Sql; Aws,2024-03-21,9.0,March 2024,T1.0 2024.0,5. 10 000 – 12 000 DH
OFF-0231,Data Engineer,It & Tech,Techma Solutions,Rabat,Rabat-Salé-Kénitra,CDD,0-2 ans,Bac+5 / Master,Présentiel,11700.0,Français; Anglais,Rest Api; Typescript; Java; Node.Js,2024-05-16,13.0,May 2024,T2.0 2024.0,5. 10 000 – 12 000 DH
OFF-0232,DevOps Engineer,It & Tech,Renault Maroc,Casablanca,Casablanca-Settat,CDI,2-5 ans,Bac+2,Présentiel,16400.0,Français; Anglais,Docker; Linux; Aws; Rest Api,2024-04-13,16.0,April 2024,T2.0 2024.0,7. 15 000 – 20 000 DH
OFF-0234,Ingénieur Génie Civil,Btp,Hps,Tanger,Tanger-Tétouan-Al Hoceïma,CDD,5-8 ans,Bac+2,Présentiel,13400.0,Français; Anglais,Ms Project; Gestion De Chantier; Béton Armé,2024-07-30,11.0,July 2024,T3.0 2024.0,6. 12 000 – 15 000 DH
OFF-0235,Responsable Commercial,Commerce,Cgi Maroc,Oujda,Oriental,CDI,2-5 ans,Bac+2,Télétravail complet,12400.0,Français; Anglais,Négociation; Salesforce; Google Ads; Analyse De Marché; Email Marketing,2024-09-15,16.0,September 2024,T3.0 2024.0,6. 12 000 – 15 000 DH
OFF-0236,Chef de Projet IT,It & Tech,Alten Maroc,Casablanca,Casablanca-Settat,CDI,2-5 ans,Sans Diplôme Requis,Hybride,18100.0,Français; Anglais,Agile; Scrum; Git,,43.0,,Tnan nan,7. 15 000 – 20 000 DH
OFF-0237,Ingénieur Production,Industrie,Um6P,Casablanca,Casablanca-Settat,Freelance,2-5 ans,Sans Diplôme Requis,Télétravail complet,14000.0,Français; Arabe,Autocad; Amdec; Plc; Scada; Lean Manufacturing,,22.0,,Tnan nan,6. 12 000 – 15 000 DH
OFF-0238,Analyste Financier,Finance & Rh,Vivo Energy,Casablanca,Casablanca-Settat,Freelance,0-2 ans,Bac+3,Hybride,12210.0,Français; Anglais; Arabe,Sage; Consolidation; Droit Du Travail; Sap,2024-12-25,8.0,December 2024,T4.0 2024.0,6. 12 000 – 15 000 DH
OFF-0239,Ing Production,Industrie,Lydec,Casablanca,Casablanca-Settat,Freelance,5-8 ans,Bac+2,Hybride,15500.0,Français; Anglais; Arabe,Iso 9001; Autocad; Solidworks; Plc; Scada,2024-06-22,41.0,June 2024,T2.0 2024.0,7. 15 000 – 20 000 DH
OFF-0240,Responsable Qualité,Industrie,Vivo Energy,Rabat,Rabat-Salé-Kénitra,CDI,0-2 ans,Bac+5 / Master,Télétravail complet,8200.0,Français,Solidworks; Amdec,2024-11-14,44.0,November 2024,T4.0 2024.0,4. 8 000 – 10 000 DH
OFF-0241,Développeur Full Stack,It & Tech,Vivo Energy,Casablanca,Casablanca-Settat,CDD,5-8 ans,Bac+3,Présentiel,16700.0,Français; Anglais,Aws; Tensorflow; React,,11.0,,Tnan nan,7. 15 000 – 20 000 DH
OFF-0242,Guide Touristique,Tourisme,Cih Bank,Fès,Fès-Meknès,Stage,2-5 ans,Bac+5 / Master,Télétravail complet,2518.0,Français; Anglais,Accueil Client; Pack Office; Gestion Réservations; Langues Étrangères,2024-06-13,44.0,June 2024,T2.0 2024.0,1. < 4 000 DH
OFF-0243,Chef de Projet IT,It & Tech,Total Maroc,Casablanca,Casablanca-Settat,CDI,0-2 ans,Bac+3,Présentiel,11900.0,Anglais,Java; Mongodb,2024-03-14,32.0,March 2024,T1.0 2024.0,5. 10 000 – 12 000 DH
OFF-0244,Analyste Financier,Finance & Rh,Vivo Energy,Tanger,Tanger-Tétouan-Al Hoceïma,Alternance,2-5 ans,Bac+5 / Master,Présentiel,4751.0,Anglais,Audit; Excel Avancé; Ifrs; Paie; Droit Du Travail,2024-12-23,15.0,December 2024,T4.0 2024.0,2. 4 000 – 6 000 DH
OFF-0245,Data Engineer,It & Tech,Peugeot Maroc,Tanger,Tanger-Tétouan-Al Hoceïma,Stage,0-2 ans,Bac+8 / Doctorat,Hybride,2000.0,Français; Anglais; Arabe,Linux; React; Power Bi,2024-11-14,39.0,November 2024,T4.0 2024.0,1. < 4 000 DH
OFF-0246,Ing Production,Industrie,Ocp Group,Casablanca,Casablanca-Settat,CDI,5-8 ans,Bac+5 / Master,Présentiel,10900.0,Français,Iso 9001; Amdec,2024-04-21,34.0,April 2024,T2.0 2024.0,5. 10 000 – 12 000 DH
OFF-0247,Développeur Backend,It & Tech,Sii Group,Agadir,Souss-Massa,CDI,0-2 ans,Bac+5 / Master,Télétravail complet,8300.0,Anglais,Javascript; Rest Api; Agile; Scrum; Linux,2024-12-12,9.0,December 2024,T4.0 2024.0,4. 8 000 – 10 000 DH
OFF-0248,Data Engneer,It & Tech,Hps,Rabat,Rabat-Salé-Kénitra,CDI,5-8 ans,Sans Diplôme Requis,Présentiel,20300.0,Français; Arabe,Azure; Javascript,2024-05-30,24.0,May 2024,T2.0 2024.0,8. > 20 000 DH
OFF-0249,Comptable,Finance & Rh,Techma Solutions,Fès,Fès-Meknès,CDD,8+ ans,Bac+5 / Master,Présentiel,10000.0,Français; Anglais,Ifrs; Excel Avancé; Audit; Sage; Droit Du Travail,2024-08-25,39.0,August 2024,T3.0 2024.0,5. 10 000 – 12 000 DH
OFF-0250,Analyste Financier,Finance & Rh,Accenture Maroc,Casablanca,Casablanca-Settat,CDI,5-8 ans,Bac+5 / Master,Télétravail complet,16300.0,Français; Arabe,Paie; Audit; Ifrs; Sap; Excel Avancé,,2.0,,Tnan nan,7. 15 000 – 20 000 DH
OFF-0251,Technicien Maintenance,Industrie,Lydec,Casablanca,Casablanca-Settat,CDD,0-2 ans,Bac+5 / Master,Présentiel,5200.0,,Lean Manufacturing; Solidworks; Amdec,2024-12-23,37.0,December 2024,T4.0 2024.0,2. 4 000 – 6 000 DH
OFF-0252,Ingénieur Génie Civil,Btp,Orange Maroc,Tanger,Tanger-Tétouan-Al Hoceïma,CDI,2-5 ans,Bac+3,Hybride,10800.0,Français; Anglais; Arabe,Revit; Ms Project; Gestion De Chantier; Autocad; Béton Armé,2024-10-20,13.0,October 2024,T4.0 2024.0,5. 10 000 – 12 000 DH
OFF-0253,Product Manager,It & Tech,Datavision Maroc,Tanger,Tanger-Tétouan-Al Hoceïma,CDI,8+ ans,Bac+8 / Doctorat,Hybride,26800.0,Français; Anglais,Aws; Azure; Docker,2024-08-02,31.0,August 2024,T3.0 2024.0,8. > 20 000 DH
OFF-0254,Développeur Frontend,It & Tech,Peugeot Maroc,Casablanca,Casablanca-Settat,CDI,2-5 ans,Bac+5 / Master,Hybride,10700.0,Français; Anglais; Arabe,Linux; Tensorflow; Git; React; Mongodb,2024-12-02,40.0,December 2024,T4.0 2024.0,5. 10 000 – 12 000 DH
OFF-0255,Conducteur de Travaux,Btp,Cih Bank,Casablanca,Casablanca-Settat,CDI,2-5 ans,Bac+5 / Master,Présentiel,9300.0,Anglais,Autocad; Revit; Ms Project; Gestion De Chantier,,26.0,,Tnan nan,4. 8 000 – 10 000 DH
OFF-0256,Médecin Généraliste,Santé,Vivo Energy,Tanger,Tanger-Tétouan-Al Hoceïma,Freelance,5-8 ans,Bac+3,Présentiel,34100.0,Français,Diagnostic; Éthique Médicale; Soins Infirmiers,2025-02-24,43.0,February 2025,T1.0 2025.0,8. > 20 000 DH
OFF-0257,Développeur Backend,It & Tech,Managem,Tanger,Tanger-Tétouan-Al Hoceïma,CDI,0-2 ans,Bac+5 / Master,Présentiel,8600.0,Anglais,Tensorflow; Sql,2024-05-25,22.0,May 2024,T2.0 2024.0,4. 8 000 – 10 000 DH
OFF-0258,Infirmier,Santé,Ernst & Young Maroc,Fès,Fès-Meknès,CDI,0-2 ans,Bac+3,Hybride,5600.0,Français,Soins Infirmiers; Diagnostic; Pharmacologie; Éthique Médicale,2024-04-13,26.0,April 2024,T2.0 2024.0,2. 4 000 – 6 000 DH
OFF-0259,Développeur Full Stack,It & Tech,Alten Maroc,Casablanca,Casablanca-Settat,CDI,0-2 ans,Bac+5 / Master,Présentiel,10000.0,Français; Arabe,Docker; Rest Api; Tensorflow; Azure; Agile; Scrum,2024-06-11,30.0,June 2024,T2.0 2024.0,5. 10 000 – 12 000 DH
OFF-0260,Ingénieur Génie Civil,Btp,Cih Bank,Casablanca,Casablanca-Settat,Freelance,2-5 ans,Bac+3,Hybride,12300.0,Français; Arabe,Autocad; Revit; Ms Project,2024-06-16,18.0,June 2024,T2.0 2024.0,6. 12 000 – 15 000 DH
OFF-0261,Administrateur Système,It & Tech,Techma Solutions,Fès,Fès-Meknès,CDD,8+ ans,Bac+5 / Master,Hybride,15100.0,Anglais,Tensorflow; Kubernetes; Aws; Mongodb,,26.0,,Tnan nan,7. 15 000 – 20 000 DH
OFF-0262,Analyste BI / Power BI,It & Tech,,Casablanca,Casablanca-Settat,Freelance,0-2 ans,Bac+2,Télétravail complet,11990.0,Français; Anglais,Docker; React; Azure; Javascript; Java,2024-08-16,31.0,August 2024,T3.0 2024.0,5. 10 000 – 12 000 DH
OFF-0263,Guide Touristique,Tourisme,Kpmg Maroc,Casablanca,Casablanca-Settat,CDI,0-2 ans,Non Renseigné,Télétravail complet,4000.0,Français; Arabe,Pack Office; Gestion Réservations; Accueil Client; Langues Étrangères,2024-08-24,16.0,August 2024,T3.0 2024.0,2. 4 000 – 6 000 DH
OFF-0264,Community Manager,Commerce,Orange Maroc,Rabat,Rabat-Salé-Kénitra,CDI,2-5 ans,Bac+5 / Master,Présentiel,6800.0,Anglais,Négociation; Seo; Google Ads; Crm,2025-02-06,42.0,February 2025,T1.0 2025.0,3. 6 000 – 8 000 DH
OFF-0265,Comptable,Finance & Rh,Vivo Energy,Casablanca,Casablanca-Settat,Freelance,5-8 ans,Bac+5 / Master,Télétravail complet,9800.0,Français; Anglais; Arabe,Audit; Sap,2024-05-10,44.0,May 2024,T2.0 2024.0,4. 8 000 – 10 000 DH
OFF-0266,Responsable Rh,Finance & Rh,Orange Maroc,Marrakech,Marrakech-Safi,CDI,0-2 ans,Bac+3,Présentiel,6000.0,,Paie; Consolidation; Excel Avancé; Ifrs,2025-01-28,8.0,January 2025,T1.0 2025.0,3. 6 000 – 8 000 DH
OFF-0267,Auditeur Financier,Finance & Rh,Akdital,Agadir,Souss-Massa,CDI,5-8 ans,Non Renseigné,Présentiel,14100.0,Français; Anglais,Sap; Ifrs; Consolidation,,24.0,,Tnan nan,6. 12 000 – 15 000 DH
OFF-0268,Technicien Maintenance,Industrie,Université Hassan Ii,Marrakech,Marrakech-Safi,CDI,2-5 ans,Bac+5 / Master,Présentiel,7700.0,Français; Anglais,Lean Manufacturing; Autocad; Iso 9001,2024-12-17,3.0,December 2024,T4.0 2024.0,3. 6 000 – 8 000 DH
OFF-0269,Gestionnaire de Paie,Finance & Rh,Ernst & Young Maroc,Casablanca,Casablanca-Settat,Freelance,5-8 ans,Bac+3,Télétravail complet,14100.0,Français; Anglais; Arabe,Sage; Audit,,10.0,,Tnan nan,6. 12 000 – 15 000 DH
OFF-0271,Data Scientist,It & Tech,Cih Bank,Rabat,Rabat-Salé-Kénitra,CDI,2-5 ans,Bac+5 / Master,Hybride,16300.0,Français,Mongodb; Power Bi,,34.0,,Tnan nan,7. 15 000 – 20 000 DH
OFF-0272,Ingénieur Réseau,It & Tech,Maroc Telecom,Casablanca,Casablanca-Settat,CDD,2-5 ans,Bac+5 / Master,Présentiel,10100.0,Français; Anglais,Mongodb; Sql; Node.Js; Aws; Java,2025-01-07,7.0,January 2025,T1.0 2025.0,5. 10 000 – 12 000 DH
OFF-0273,Gestionnaire de Paie,,Lafarge Holcim,Tanger,Tanger-Tétouan-Al Hoceïma,Freelance,8+ ans,Bac+5 / Master,Hybride,,Français; Arabe,Excel Avancé; Sage; Audit,2024-03-17,8.0,March 2024,T1.0 2024.0,Non renseigné
OFF-0274,Comptable,Finance & Rh,Orange Maroc,Casablanca,Casablanca-Settat,CDD,0-2 ans,Bac+3,Présentiel,10500.0,Français; Anglais; Arabe,Sage; Consolidation; Ifrs; Paie; Excel Avancé,2024-12-15,36.0,December 2024,T4.0 2024.0,5. 10 000 – 12 000 DH
OFF-0275,Développeur Full-Stack,It & Tech,Kpmg Maroc,Casablanca,Casablanca-Settat,Freelance,0-2 ans,Bac+5 / Master,Hybride,12300.0,Français,Linux; React; Git; Kubernetes,,40.0,,Tnan nan,6. 12 000 – 15 000 DH
OFF-0276,Médecin Généraliste,Santé,Label'Vie,Casablanca,Casablanca-Settat,CDI,8+ ans,Bac+3,Présentiel,30700.0,Français; Anglais,Diagnostic; Pharmacologie; Éthique Médicale; Soins Infirmiers,2024-06-17,40.0,June 2024,T2.0 2024.0,8. > 20 000 DH
OFF-0277,Technicien Maintenance,Industrie,Deloitte Maroc,Meknès,Fès-Meknès,CDI,0-2 ans,Non Renseigné,Télétravail complet,4000.0,Français; Anglais; Arabe,Plc; Scada; Iso 9001; Autocad,2024-07-31,33.0,July 2024,T3.0 2024.0,2. 4 000 – 6 000 DH
OFF-0278,Ingénieur Génie Civil,Btp,Capgemini Maroc,Fès,Fès-Meknès,Freelance,0-2 ans,Bac+2,Présentiel,11500.0,Français; Anglais; Arabe,Ms Project; Gestion De Chantier; Revit; Béton Armé,2024-07-18,18.0,July 2024,T3.0 2024.0,5. 10 000 – 12 000 DH
OFF-0279,Ing Production,Industrie,Akdital,Agadir,Souss-Massa,Stage,5-8 ans,Bac+2,Présentiel,4564.0,,Amdec; Solidworks; Plc; Scada,2024-11-14,34.0,November 2024,T4.0 2024.0,2. 4 000 – 6 000 DH
OFF-0280,Contrôleur de Gestion,Finance & Rh,Bmce Bank,Rabat,Rabat-Salé-Kénitra,CDD,0-2 ans,Bac+5 / Master,Télétravail complet,7800.0,Français; Arabe,Paie; Sage; Audit; Droit Du Travail; Ifrs,2024-07-12,18.0,July 2024,T3.0 2024.0,3. 6 000 – 8 000 DH
OFF-0281,Ingénieur Génie Civil,Btp,Hps,Tanger,Tanger-Tétouan-Al Hoceïma,CDD,2-5 ans,Bac+5 / Master,Hybride,8600.0,Français; Anglais,Béton Armé; Ms Project; Autocad; Gestion De Chantier; Revit,2024-12-09,15.0,December 2024,T4.0 2024.0,4. 8 000 – 10 000 DH
OFF-0282,Pharmacien,Santé,Atlantic Digital,Tanger,Tanger-Tétouan-Al Hoceïma,CDI,2-5 ans,Bac+2,Présentiel,13400.0,Français; Anglais,Soins Infirmiers; Éthique Médicale; Pharmacologie; Diagnostic,2024-03-24,31.0,March 2024,T1.0 2024.0,6. 12 000 – 15 000 DH
OFF-0283,Comptable,Finance & Rh,Orange Maroc,Fès,Fès-Meknès,Freelance,5-8 ans,Bac+5 / Master,Présentiel,10670.0,Français; Arabe,Sage; Droit Du Travail; Audit,2025-01-02,41.0,January 2025,T1.0 2025.0,5. 10 000 – 12 000 DH
OFF-0284,Commercial B2B,Commerce,Kpmg Maroc,Casablanca,Casablanca-Settat,CDI,8+ ans,Bac+3,Présentiel,12300.0,Anglais,Excel; Google Ads; Salesforce,2024-08-13,19.0,August 2024,T3.0 2024.0,6. 12 000 – 15 000 DH
OFF-0285,Data Engineer,It & Tech,Sii Group,Tanger,Tanger-Tétouan-Al Hoceïma,CDI,0-2 ans,Bac+5 / Master,Présentiel,10900.0,Anglais,Java; Git,2024-04-13,43.0,April 2024,T2.0 2024.0,5. 10 000 – 12 000 DH
OFF-0286,Réceptionniste Hôtel,Tourisme,Ernst & Young Maroc,Tanger,Tanger-Tétouan-Al Hoceïma,CDI,2-5 ans,Bac+2,Hybride,5100.0,Anglais,Accueil Client; Gestion Réservations; Langues Étrangères; Pack Office,2024-11-13,26.0,November 2024,T4.0 2024.0,2. 4 000 – 6 000 DH
OFF-0287,Chef de Projet IT,It & Tech,Datavision Maroc,Casablanca,Casablanca-Settat,Stage,2-5 ans,Sans Diplôme Requis,Présentiel,4000.0,Anglais,Git; Agile; Scrum,2024-12-29,26.0,December 2024,T4.0 2024.0,2. 4 000 – 6 000 DH
OFF-0288,Conducteur de Travaux,Btp,Bmce Bank,Casablanca,Casablanca-Settat,CDD,0-2 ans,Bac+3,Hybride,6100.0,Français,Revit; Autocad,,41.0,,Tnan nan,3. 6 000 – 8 000 DH
OFF-0289,ML Engineer,It & Tech,Inwi,Meknès,Fès-Meknès,CDI,0-2 ans,Bac+3,Présentiel,12900.0,Français; Arabe,Java; Node.Js,2024-08-23,14.0,August 2024,T3.0 2024.0,6. 12 000 – 15 000 DH
OFF-0290,UX/UI Designer,It & Tech,Marjane,Casablanca,Casablanca-Settat,CDD,5-8 ans,Bac+3,Présentiel,12600.0,Français,Linux; Git; React; Rest Api; Python,2024-11-30,26.0,November 2024,T4.0 2024.0,6. 12 000 – 15 000 DH
OFF-0291,Responsable Qualité,Industrie,Cgi Maroc,Oujda,Oriental,CDI,2-5 ans,Bac+3,Présentiel,11000.0,Anglais,Solidworks; Iso 9001; Plc; Scada; Autocad; Lean Manufacturing,2024-06-17,20.0,June 2024,T2.0 2024.0,5. 10 000 – 12 000 DH
OFF-0292,Développeur Backend,It & Tech,Atlantic Digital,Tanger,Tanger-Tétouan-Al Hoceïma,CDI,5-8 ans,Bac+5 / Master,Hybride,12800.0,Anglais,Typescript; Azure; Javascript; Java; Sql,,27.0,,Tnan nan,6. 12 000 – 15 000 DH
OFF-0293,Chargé Marketing Digital,Commerce,Akdital,Tanger,Tanger-Tétouan-Al Hoceïma,Stage,8+ ans,Bac+3,Hybride,3305.0,Français; Anglais; Arabe,Négociation; Seo; Email Marketing,2024-11-05,21.0,November 2024,T4.0 2024.0,1. < 4 000 DH
OFF-0294,Chef de Projet IT,It & Tech,Total Maroc,Tanger,Tanger-Tétouan-Al Hoceïma,CDI,5-8 ans,Bac+5 / Master,Télétravail complet,22000.0,Français; Anglais; Arabe,Rest Api; Javascript; Docker,2024-04-02,17.0,April 2024,T2.0 2024.0,8. > 20 000 DH
OFF-0295,Responsable Qualité,Industrie,Hps,Tanger,Tanger-Tétouan-Al Hoceïma,CDI,2-5 ans,Bac+3,Présentiel,9500.0,Français; Anglais,Autocad; Solidworks; Amdec; Lean Manufacturing; Plc; Scada,2025-01-22,38.0,January 2025,T1.0 2025.0,4. 8 000 – 10 000 DH
OFF-0296,Comptable,Finance & Rh,Alten Maroc,Fès,Fès-Meknès,CDI,5-8 ans,Bac+5 / Master,Hybride,7600.0,"Français, Arabe",Paie; Consolidation; Sage,2025-02-07,14.0,February 2025,T1.0 2025.0,3. 6 000 – 8 000 DH
OFF-0297,Data Scientist,It & Tech,Université Hassan Ii,Tanger,Tanger-Tétouan-Al Hoceïma,CDI,2-5 ans,Bac+2,Télétravail complet,14500.0,Français,Java; Rest Api; Git; Node.Js; Mongodb,2025-01-19,9.0,January 2025,T1.0 2025.0,6. 12 000 – 15 000 DH
OFF-0298,Cybersécurité Analyst,It & Tech,Attijariwafa Bank,Rabat,Rabat-Salé-Kénitra,CDI,0-2 ans,Bac+5 / Master,Présentiel,11990.0,Français; Arabe,Aws; Mongodb; Azure; Java,2024-10-06,26.0,October 2024,T4.0 2024.0,5. 10 000 – 12 000 DH
OFF-0299,Chargé Marketing Digital,Commerce,,Casablanca,Casablanca-Settat,CDI,8+ ans,Bac+3,Présentiel,12700.0,Français; Arabe,Excel; Analyse De Marché; Google Ads,2025-01-18,7.0,January 2025,T1.0 2025.0,6. 12 000 – 15 000 DH
OFF-0300,Conducteur de Travaux,Btp,Ocp Group,Marrakech,Marrakech-Safi,CDI,8+ ans,Bac+5 / Master,Hybride,14000.0,Français; Anglais; Arabe,Béton Armé; Autocad; Ms Project,2024-08-24,30.0,August 2024,T3.0 2024.0,6. 12 000 – 15 000 DH
OFF-0301,Ing Production,Industrie,Alten Maroc,Tanger,Tanger-Tétouan-Al Hoceïma,CDD,8+ ans,Bac+3,Présentiel,14600.0,Français; Anglais,Solidworks; Plc; Scada,2024-07-15,13.0,July 2024,T3.0 2024.0,6. 12 000 – 15 000 DH
OFF-0303,Ingénieur Réseau,It & Tech,Attijariwafa Bank,Tanger,Tanger-Tétouan-Al Hoceïma,CDD,5-8 ans,Bac+8 / Doctorat,Présentiel,14000.0,Anglais,Node.Js; Power Bi; Aws; Azure,2024-03-28,37.0,March 2024,T1.0 2024.0,6. 12 000 – 15 000 DH
OFF-0304,Réceptionniste Hôtel,Tourisme,Lydec,Rabat,Rabat-Salé-Kénitra,CDD,2-5 ans,Non Renseigné,Hybride,4400.0,Français,Langues Étrangères; Gestion Réservations; Accueil Client; Pack Office,2024-12-18,22.0,December 2024,T4.0 2024.0,2. 4 000 – 6 000 DH
OFF-0305,Analyste Financier,Finance & Rh,Techma Solutions,Marrakech,Marrakech-Safi,CDI,2-5 ans,Sans Diplôme Requis,Présentiel,12600.0,Français; Arabe,Paie; Consolidation; Ifrs; Excel Avancé; Droit Du Travail,2024-09-23,37.0,September 2024,T3.0 2024.0,6. 12 000 – 15 000 DH
OFF-0306,Pharmacien,Santé,Attijariwafa Bank,Casablanca,Casablanca-Settat,CDI,0-2 ans,Sans Diplôme Requis,Présentiel,10600.0,,Soins Infirmiers; Pharmacologie; Éthique Médicale,2024-09-16,24.0,September 2024,T3.0 2024.0,5. 10 000 – 12 000 DH
OFF-0307,Développeur Backend,It & Tech,Kpmg Maroc,Casablanca,Casablanca-Settat,CDD,2-5 ans,Bac+5 / Master,Présentiel,9100.0,Anglais,Rest Api; Agile; Scrum; Aws; Mongodb; Git,2025-02-05,16.0,February 2025,T1.0 2025.0,4. 8 000 – 10 000 DH
OFF-0308,Guide Touristique,Tourisme,Peugeot Maroc,Rabat,Rabat-Salé-Kénitra,CDI,2-5 ans,Bac+3,Hybride,5000.0,Français,Langues Étrangères; Gestion Réservations,2024-12-22,9.0,December 2024,T4.0 2024.0,2. 4 000 – 6 000 DH
OFF-0309,Guide Touristique,Tourisme,Alten Maroc,Casablanca,Casablanca-Settat,CDI,5-8 ans,Bac+5 / Master,Télétravail complet,6000.0,Français; Arabe,Langues Étrangères; Gestion Réservations; Pack Office; Accueil Client,2024-12-26,43.0,December 2024,T4.0 2024.0,3. 6 000 – 8 000 DH
OFF-0310,Ingénieur Génie Civil,Btp,Inwi,Meknès,Fès-Meknès,Freelance,2-5 ans,Bac+5 / Master,Hybride,12600.0,Anglais,Gestion De Chantier; Revit; Béton Armé; Ms Project; Autocad,2024-11-09,38.0,November 2024,T4.0 2024.0,6. 12 000 – 15 000 DH
OFF-0311,Data Scientist,It & Tech,Managem,Casablanca,Casablanca-Settat,CDI,0-2 ans,Bac+5 / Master,Hybride,10300.0,Français; Anglais,Python; Azure; Typescript; Kubernetes,2024-12-11,32.0,December 2024,T4.0 2024.0,5. 10 000 – 12 000 DH
OFF-0313,Réceptionniste Hôtel,Tourisme,Sii Group,Casablanca,Casablanca-Settat,CDI,0-2 ans,Bac+5 / Master,Hybride,4100.0,Français,Gestion Réservations; Pack Office,2024-08-27,15.0,August 2024,T3.0 2024.0,2. 4 000 – 6 000 DH
OFF-0314,Cybersécurité Analyst,It & Tech,Kpmg Maroc,Marrakech,Marrakech-Safi,CDI,0-2 ans,Bac+3,Présentiel,11990.0,,Agile; Scrum; React; Sql; Docker,2024-09-10,7.0,September 2024,T3.0 2024.0,5. 10 000 – 12 000 DH
OFF-0315,Community Manager,Commerce,Capgemini Maroc,Casablanca,Casablanca-Settat,CDI,2-5 ans,Sans Diplôme Requis,Hybride,6900.0,Anglais,Seo; Salesforce; Excel; Négociation; Google Ads,2024-05-10,31.0,May 2024,T2.0 2024.0,3. 6 000 – 8 000 DH
OFF-0316,Responsable Commercial,Commerce,Ocp Group,Casablanca,Casablanca-Settat,CDI,2-5 ans,Bac+3,Présentiel,11300.0,Français; Anglais,Seo; Salesforce; Excel; Négociation; Analyse De Marché,2024-04-27,26.0,April 2024,T2.0 2024.0,5. 10 000 – 12 000 DH
OFF-0317,Développeur Frontend,It & Tech,Vivo Energy,Rabat,Rabat-Salé-Kénitra,CDI,2-5 ans,Sans Diplôme Requis,Hybride,10200.0,Français,Javascript; Typescript,2024-07-18,13.0,July 2024,T3.0 2024.0,5. 10 000 – 12 000 DH
OFF-0318,Chargé Marketing Digital,Commerce,Attijariwafa Bank,Agadir,Souss-Massa,CDD,2-5 ans,Sans Diplôme Requis,Télétravail complet,7600.0,Français,Google Ads; Seo; Excel; Négociation; Crm,2024-04-17,43.0,April 2024,T2.0 2024.0,3. 6 000 – 8 000 DH
OFF-0319,UX/UI Designer,It & Tech,Kpmg Maroc,Tanger,Tanger-Tétouan-Al Hoceïma,Stage,2-5 ans,Bac+2,Hybride,3192.0,Français,Sql; Azure; Node.Js; Linux,,26.0,,Tnan nan,1. < 4 000 DH
OFF-0320,Responsable Commercial,Commerce,Sii Group,Casablanca,Casablanca-Settat,CDI,2-5 ans,Bac+5 / Master,Présentiel,12600.0,Français; Anglais; Arabe,Email Marketing; Seo,2025-02-12,34.0,February 2025,T1.0 2025.0,6. 12 000 – 15 000 DH
OFF-0321,UX/UI Designer,It & Tech,Bmce Bank,Oujda,Oriental,CDD,0-2 ans,Bac+2,Présentiel,6900.0,Français; Anglais; Arabe,Azure; Sql,2024-07-22,41.0,July 2024,T3.0 2024.0,3. 6 000 – 8 000 DH
OFF-0322,ML Engineer,It & Tech,Ram,Tanger,Tanger-Tétouan-Al Hoceïma,CDI,2-5 ans,Bac+5 / Master,Hybride,11990.0,Français; Anglais; Arabe,Sql; Docker; Typescript; Node.Js,2024-05-01,43.0,May 2024,T2.0 2024.0,5. 10 000 – 12 000 DH
OFF-0323,Chef de Projet IT,It & Tech,Kpmg Maroc,Tanger,Tanger-Tétouan-Al Hoceïma,CDD,5-8 ans,Bac+5 / Master,Télétravail complet,19580.0,Français,Linux; Git; Rest Api,,25.0,,Tnan nan,7. 15 000 – 20 000 DH
OFF-0324,Analyste Financier,Finance & Rh,Sqli Maroc,Fès,Fès-Meknès,CDD,5-8 ans,Bac+3,Hybride,13800.0,Français; Anglais; Arabe,Consolidation; Ifrs; Sap,2024-12-02,15.0,December 2024,T4.0 2024.0,6. 12 000 – 15 000 DH
OFF-0325,Cybersécurité Analyst,It & Tech,Techma Solutions,Casablanca,Casablanca-Settat,CDD,2-5 ans,Bac+3,Hybride,13700.0,Français; Anglais,Node.Js; Aws; Linux,2024-12-09,26.0,December 2024,T4.0 2024.0,6. 12 000 – 15 000 DH
OFF-0326,Analyste Financier,Finance & Rh,Oncf,Casablanca,Casablanca-Settat,CDD,2-5 ans,Bac+2,Hybride,11000.0,Anglais,Excel Avancé; Sap; Paie; Audit,2024-08-18,24.0,August 2024,T3.0 2024.0,5. 10 000 – 12 000 DH
OFF-0327,Technicien Maintenance,Industrie,Bmce Bank,Oujda,Oriental,CDD,0-2 ans,Sans Diplôme Requis,Présentiel,5200.0,Français; Anglais; Arabe,Iso 9001; Lean Manufacturing; Amdec; Autocad,2024-05-08,34.0,May 2024,T2.0 2024.0,2. 4 000 – 6 000 DH
OFF-0328,Cybersécurité Analyst,It & Tech,Vivo Energy,Casablanca,Casablanca-Settat,CDI,2-5 ans,Bac+3,Hybride,15400.0,Français; Anglais; Arabe,Mongodb; Docker,2024-11-27,43.0,November 2024,T4.0 2024.0,7. 15 000 – 20 000 DH
OFF-0329,Chef de Projet IT,It & Tech,Lydec,Meknès,Fès-Meknès,CDI,2-5 ans,Bac+5 / Master,Présentiel,15500.0,Français,Tensorflow; Kubernetes; Sql; Javascript; React,2024-07-16,26.0,July 2024,T3.0 2024.0,7. 15 000 – 20 000 DH
OFF-0330,DevOps Engineer,It & Tech,Capgemini Maroc,Rabat,Rabat-Salé-Kénitra,Stage,2-5 ans,Bac+2,Présentiel,3470.0,Français; Anglais; Arabe,Java; Aws; Typescript,,8.0,,Tnan nan,1. < 4 000 DH
OFF-0331,Pharmacien,Santé,Accenture Maroc,Tanger,Tanger-Tétouan-Al Hoceïma,Freelance,0-2 ans,Bac+5 / Master,Hybride,13400.0,Français,,2024-11-12,18.0,November 2024,T4.0 2024.0,6. 12 000 – 15 000 DH
OFF-0332,Responsable Qualité,Industrie,Bmce Bank,Agadir,Souss-Massa,CDI,0-2 ans,Bac+5 / Master,Hybride,7800.0,Français; Anglais; Arabe,Autocad; Lean Manufacturing; Solidworks; Amdec,2024-05-02,32.0,May 2024,T2.0 2024.0,3. 6 000 – 8 000 DH
OFF-0333,Analyste Financier,Finance & Rh,Orange Maroc,Tanger,Tanger-Tétouan-Al Hoceïma,CDI,5-8 ans,Bac+3,Présentiel,17000.0,Français; Anglais,Ifrs; Excel Avancé; Paie; Consolidation; Audit,2024-06-21,27.0,June 2024,T2.0 2024.0,7. 15 000 – 20 000 DH
OFF-0334,Développeur Backend,It & Tech,Label'Vie,Oujda,Oriental,CDI,0-2 ans,Bac+2,Hybride,9700.0,Français / Anglais / Arabe,Python; Javascript; Docker; Git; Java,2024-05-02,26.0,May 2024,T2.0 2024.0,4. 8 000 – 10 000 DH
OFF-0335,Développeur Frontend,It & Tech,Vivo Energy,Casablanca,Casablanca-Settat,CDI,2-5 ans,Bac+2,Présentiel,10100.0,Français; Anglais; Arabe,Docker; Power Bi; Node.Js; Git,2024-07-31,7.0,July 2024,T3.0 2024.0,5. 10 000 – 12 000 DH
OFF-0336,Commercial,Commerce,Techma Solutions,Marrakech,Marrakech-Safi,Freelance,8+ ans,Bac+8 / Doctorat,Présentiel,15600.0,Français; Arabe,Crm; Analyse De Marché,,26.0,,Tnan nan,7. 15 000 – 20 000 DH
OFF-0337,Responsable RH,Finance & Rh,Capgemini Maroc,Kénitra,Rabat-Salé-Kénitra,Stage,2-5 ans,Bac+2,Présentiel,4525.0,Français; Anglais; Arabe,Paie; Sap; Audit,,42.0,,Tnan nan,2. 4 000 – 6 000 DH
OFF-0338,Chef de Projet IT,It & Tech,Managem,Agadir,Souss-Massa,Freelance,5-8 ans,Bac+2,Présentiel,23300.0,Français; Anglais,Sql; Java; Mongodb,2024-07-08,29.0,July 2024,T3.0 2024.0,8. > 20 000 DH
OFF-0339,Ingénieur Réseau,It & Tech,Ocp Group,Agadir,Souss-Massa,Freelance,0-2 ans,Bac+5 / Master,Hybride,10400.0,Anglais,React; Kubernetes; Docker; Aws; Agile; Scrum,2024-08-25,32.0,August 2024,T3.0 2024.0,5. 10 000 – 12 000 DH
OFF-0341,Analyste Financier,Finance & Rh,Ernst & Young Maroc,Rabat,Rabat-Salé-Kénitra,CDI,2-5 ans,Sans Diplôme Requis,Télétravail complet,13200.0,Français; Anglais; Arabe,Sap; Paie; Ifrs,2024-05-31,44.0,May 2024,T2.0 2024.0,6. 12 000 – 15 000 DH
OFF-0342,Contrôleur de Gestion,Finance & Rh,Alten Maroc,Casablanca,Casablanca-Settat,Alternance,5-8 ans,Bac+5 / Master,Présentiel,5928.0,Français; Anglais,Consolidation; Ifrs; Paie; Droit Du Travail,2024-08-29,26.0,August 2024,T3.0 2024.0,2. 4 000 – 6 000 DH
OFF-0343,Auditeur Financier,Finance & Rh,Akdital,Casablanca,Casablanca-Settat,CDI,8+ ans,Bac+8 / Doctorat,Télétravail complet,21100.0,Français; Arabe,,2024-03-10,9.0,March 2024,T1.0 2024.0,8. > 20 000 DH
OFF-0344,Ing Production,,Maroc Telecom,Casablanca,Casablanca-Settat,CDI,8+ ans,Bac+5 / Master,Présentiel,,Français; Anglais,,2024-10-17,44.0,October 2024,T4.0 2024.0,Non renseigné
OFF-0345,Auditeur Financier,Finance & Rh,Hps,Fès,Fès-Meknès,CDI,5-8 ans,Bac+3,Hybride,13000.0,Français; Arabe,Consolidation; Sage; Sap,2024-03-24,20.0,March 2024,T1.0 2024.0,6. 12 000 – 15 000 DH
OFF-0346,Contrôleur de Gestion,Finance & Rh,Carrefour Maroc,Marrakech,Marrakech-Safi,CDI,8+ ans,Bac+2,Télétravail complet,18300.0,Anglais,Sap; Excel Avancé; Ifrs,2025-02-15,35.0,February 2025,T1.0 2025.0,7. 15 000 – 20 000 DH
OFF-0347,ML Engineer,It & Tech,Cgi Maroc,Rabat,Rabat-Salé-Kénitra,CDI,2-5 ans,Bac+5 / Master,Télétravail complet,16500.0,Français; Arabe,Aws; Azure; Tensorflow; Git,2024-05-22,11.0,May 2024,T2.0 2024.0,7. 15 000 – 20 000 DH
OFF-0348,Responsable Commercial,Commerce,Um6P,Rabat,Rabat-Salé-Kénitra,Stage,2-5 ans,Bac+5 / Master,Présentiel,4278.0,Anglais,Salesforce; Seo; Négociation,,42.0,,Tnan nan,2. 4 000 – 6 000 DH
OFF-0349,Responsable Commercial,Commerce,Techma Solutions,Fès,Fès-Meknès,CDI,5-8 ans,Bac+3,Présentiel,16200.0,"Français, Arabe",Seo; Négociation; Email Marketing; Analyse De Marché; Crm,2024-11-01,23.0,November 2024,T4.0 2024.0,7. 15 000 – 20 000 DH
OFF-0350,Responsable Rh,Finance & Rh,Um6P,Oujda,Oriental,CDI,5-8 ans,Bac+2,Hybride,10600.0,Français; Anglais,Ifrs; Sage,2024-08-18,45.0,August 2024,T3.0 2024.0,5. 10 000 – 12 000 DH
OFF-0351,Gestionnaire de Paie,Finance & Rh,Attijariwafa Bank,Meknès,Fès-Meknès,CDD,2-5 ans,Bac+5 / Master,Hybride,7000.0,Français,Consolidation; Sap; Audit; Excel Avancé,2024-12-02,40.0,December 2024,T4.0 2024.0,3. 6 000 – 8 000 DH
OFF-0352,UX/UI Designer,It & Tech,Um6P,Casablanca,Casablanca-Settat,CDI,2-5 ans,Bac+3,Télétravail complet,11300.0,Français; Anglais,Kubernetes; Power Bi; Python,2025-02-02,25.0,February 2025,T1.0 2025.0,5. 10 000 – 12 000 DH
OFF-0353,Chef de Projet IT,It & Tech,Label'Vie,Rabat,Rabat-Salé-Kénitra,CDD,2-5 ans,Sans Diplôme Requis,Présentiel,13200.0,Français; Arabe,Agile; Scrum; Javascript; React; Power Bi,2025-02-05,33.0,February 2025,T1.0 2025.0,6. 12 000 – 15 000 DH
OFF-0354,Développeur Backend,It & Tech,Sqli Maroc,Casablanca,Casablanca-Settat,CDI,2-5 ans,Bac+5 / Master,Présentiel,11990.0,Français; Anglais; Arabe,Javascript; Rest Api,,9.0,,Tnan nan,5. 10 000 – 12 000 DH
OFF-0355,Médecin Généraliste,Santé,Deloitte Maroc,Tanger,Tanger-Tétouan-Al Hoceïma,Stage,0-2 ans,Bac+5 / Master,Présentiel,3794.0,Anglais,Diagnostic; Soins Infirmiers; Pharmacologie; Éthique Médicale,2024-10-11,40.0,October 2024,T4.0 2024.0,1. < 4 000 DH
OFF-0356,Développeur Frontend,It & Tech,Cgi Maroc,Marrakech,Marrakech-Safi,CDI,0-2 ans,Bac+5 / Master,Présentiel,7500.0,Français,Docker; React; Power Bi; Python,2024-09-16,12.0,September 2024,T3.0 2024.0,3. 6 000 – 8 000 DH
OFF-0357,Développeur Full Stack,It & Tech,Accenture Maroc,Tanger,Tanger-Tétouan-Al Hoceïma,Stage,5-8 ans,Bac+5 / Master,Télétravail complet,3145.0,Français,Sql; Rest Api; React; Kubernetes; Python,2024-04-01,45.0,April 2024,T2.0 2024.0,1. < 4 000 DH
OFF-0358,Ingénieur Production,Industrie,Accenture Maroc,Marrakech,Marrakech-Safi,Stage,0-2 ans,Sans Diplôme Requis,Hybride,4974.0,Français; Arabe,Plc; Scada; Amdec,2024-06-16,37.0,June 2024,T2.0 2024.0,2. 4 000 – 6 000 DH
OFF-0359,Conducteur de Travaux,Btp,Um6P,Tanger,Tanger-Tétouan-Al Hoceïma,CDI,2-5 ans,Bac+5 / Master,Télétravail complet,9700.0,Français,Autocad; Revit; Ms Project,2024-08-08,15.0,August 2024,T3.0 2024.0,4. 8 000 – 10 000 DH
OFF-0360,Infirmier,Santé,,Casablanca,Casablanca-Settat,Freelance,2-5 ans,Bac+5 / Master,Télétravail complet,8800.0,Français; Anglais; Arabe,Diagnostic; Éthique Médicale; Pharmacologie; Soins Infirmiers,2024-12-29,15.0,December 2024,T4.0 2024.0,4. 8 000 – 10 000 DH
OFF-0361,Infirmier,Santé,Pwc Maroc,Marrakech,Marrakech-Safi,CDI,5-8 ans,Sans Diplôme Requis,Présentiel,10800.0,Français,Éthique Médicale; Soins Infirmiers; Pharmacologie,2024-07-30,21.0,July 2024,T3.0 2024.0,5. 10 000 – 12 000 DH
OFF-0362,Médecin Généraliste,Santé,Lafarge Holcim,Casablanca,Casablanca-Settat,CDD,8+ ans,Bac+3,Hybride,12200.0,Anglais,Éthique Médicale; Soins Infirmiers,2024-06-12,17.0,June 2024,T2.0 2024.0,6. 12 000 – 15 000 DH
OFF-0363,Gestionnaire de Paie,Finance & Rh,Bmce Bank,Marrakech,Marrakech-Safi,CDI,5-8 ans,Sans Diplôme Requis,Présentiel,10500.0,Anglais,Excel Avancé; Consolidation; Sage; Ifrs; Paie,2024-05-14,30.0,May 2024,T2.0 2024.0,5. 10 000 – 12 000 DH
OFF-0364,Médecin Généraliste,Santé,Pwc Maroc,Meknès,Fès-Meknès,CDI,0-2 ans,Bac+5 / Master,Hybride,12400.0,Anglais,Diagnostic; Éthique Médicale; Soins Infirmiers,2025-02-01,43.0,February 2025,T1.0 2025.0,6. 12 000 – 15 000 DH
OFF-0365,Contrôleur de Gestion,Finance & Rh,Label'Vie,Agadir,Souss-Massa,CDI,5-8 ans,Bac+5 / Master,Présentiel,14700.0,,Sap; Sage,2024-12-17,41.0,December 2024,T4.0 2024.0,6. 12 000 – 15 000 DH
OFF-0366,Développeur Frontend,It & Tech,Pwc Maroc,Casablanca,Casablanca-Settat,CDI,0-2 ans,Bac+2,Présentiel,8800.0,Français; Anglais,Sql; Docker; Linux,2025-01-09,38.0,January 2025,T1.0 2025.0,4. 8 000 – 10 000 DH
OFF-0367,Community Manager,Commerce,Ernst & Young Maroc,Rabat,Rabat-Salé-Kénitra,CDI,8+ ans,Bac+2,Présentiel,11500.0,Français; Arabe,Salesforce; Analyse De Marché; Excel; Seo,2024-03-15,8.0,March 2024,T1.0 2024.0,5. 10 000 – 12 000 DH
OFF-0368,Responsable Commercial,Commerce,Renault Maroc,Meknès,Fès-Meknès,CDI,0-2 ans,Bac+5 / Master,Hybride,11110.0,Anglais,Seo; Excel,2024-05-18,39.0,May 2024,T2.0 2024.0,5. 10 000 – 12 000 DH
OFF-0369,Chargé Marketing Digital,Commerce,Bmce Bank,Marrakech,Marrakech-Safi,CDI,2-5 ans,Bac+5 / Master,Présentiel,9600.0,Français,Salesforce; Google Ads,2025-01-20,21.0,January 2025,T1.0 2025.0,4. 8 000 – 10 000 DH
OFF-0370,Data Engineer,It & Tech,Peugeot Maroc,Rabat,Rabat-Salé-Kénitra,CDI,8+ ans,Bac+8 / Doctorat,Présentiel,24800.0,Anglais,Mongodb; Aws; Power Bi,2024-12-11,26.0,December 2024,T4.0 2024.0,8. > 20 000 DH
OFF-0371,DevOps Engineer,It & Tech,Marjane,Agadir,Souss-Massa,CDI,0-2 ans,Bac+5 / Master,Présentiel,12400.0,Français; Anglais; Arabe,Mongodb; Tensorflow; Agile; Scrum; Rest Api,,45.0,,Tnan nan,6. 12 000 – 15 000 DH
OFF-0372,Médecin Généraliste,Santé,Peugeot Maroc,Agadir,Souss-Massa,CDI,0-2 ans,Bac+5 / Master,Présentiel,12000.0,Anglais,Diagnostic; Éthique Médicale; Soins Infirmiers; Pharmacologie,2024-04-23,13.0,April 2024,T2.0 2024.0,6. 12 000 – 15 000 DH
OFF-0373,Data Engineer,It & Tech,Attijariwafa Bank,Casablanca,Casablanca-Settat,CDI,5-8 ans,Sans Diplôme Requis,Hybride,19800.0,Anglais,Power Bi; Mongodb; Javascript; Java,2024-12-13,38.0,December 2024,T4.0 2024.0,7. 15 000 – 20 000 DH
OFF-0374,Responsable Rh,Finance & Rh,Cgi Maroc,Casablanca,Casablanca-Settat,CDD,8+ ans,Bac+2,Hybride,13300.0,Français; Arabe,Droit Du Travail; Audit; Consolidation,2024-03-28,45.0,March 2024,T1.0 2024.0,6. 12 000 – 15 000 DH
OFF-0375,Pharmacien,Santé,Cgi Maroc,Casablanca,Casablanca-Settat,CDI,5-8 ans,Bac+2,Présentiel,15600.0,Anglais,Diagnostic; Pharmacologie; Soins Infirmiers; Éthique Médicale,,31.0,,Tnan nan,7. 15 000 – 20 000 DH
OFF-0376,Réceptionniste Hôtel,,Alten Maroc,Casablanca,Casablanca-Settat,CDI,0-2 ans,Bac+3,Présentiel,,Français; Anglais; Arabe,Gestion Réservations; Accueil Client; Langues Étrangères; Pack Office,2024-05-07,40.0,May 2024,T2.0 2024.0,Non renseigné
OFF-0377,Médecin Généraliste,Santé,Hps,Casablanca,Casablanca-Settat,CDD,5-8 ans,Bac+5 / Master,Présentiel,18500.0,Anglais,Soins Infirmiers; Éthique Médicale; Diagnostic; Pharmacologie,2024-06-23,26.0,June 2024,T2.0 2024.0,7. 15 000 – 20 000 DH
OFF-0378,Ml Ingénieur,It & Tech,Orange Maroc,Casablanca,Casablanca-Settat,CDD,5-8 ans,Sans Diplôme Requis,Télétravail complet,18700.0,Français,Java; Linux; Node.Js; Power Bi,2025-02-21,28.0,February 2025,T1.0 2025.0,7. 15 000 – 20 000 DH
OFF-0379,Administrateur Système,It & Tech,Cgi Maroc,Tanger,Tanger-Tétouan-Al Hoceïma,CDD,2-5 ans,Bac+3,Hybride,8700.0,Français; Anglais; Arabe,Agile; Scrum; Mongodb; Kubernetes; Linux; Azure,2024-12-04,26.0,December 2024,T4.0 2024.0,4. 8 000 – 10 000 DH
OFF-0380,Ml Ingénieur,It & Tech,Total Maroc,Tanger,Tanger-Tétouan-Al Hoceïma,CDI,0-2 ans,Bac+5 / Master,Présentiel,12900.0,Français; Anglais,Azure; Python; Linux; React; Java,2024-07-19,26.0,July 2024,T3.0 2024.0,6. 12 000 – 15 000 DH
OFF-0381,Ml Ingénieur,It & Tech,Hps,Casablanca,Casablanca-Settat,CDD,5-8 ans,Bac+3,Présentiel,17400.0,Français; Arabe,Python; React; Linux; Power Bi; Aws,2024-09-16,41.0,September 2024,T3.0 2024.0,7. 15 000 – 20 000 DH
OFF-0382,Cybersécurité Analyst,It & Tech,Ernst & Young Maroc,Fès,Fès-Meknès,CDD,2-5 ans,Bac+3,Hybride,11700.0,"Français, Arabe",Java; Docker; Tensorflow,2024-10-06,17.0,October 2024,T4.0 2024.0,5. 10 000 – 12 000 DH
OFF-0383,ML Engineer,It & Tech,Maroc Telecom,Rabat,Rabat-Salé-Kénitra,Freelance,0-2 ans,Bac+3,Hybride,14800.0,Français; Anglais; Arabe,Docker; Agile; Scrum; Typescript; Aws,2024-12-06,27.0,December 2024,T4.0 2024.0,6. 12 000 – 15 000 DH
OFF-0384,Guide Touristique,Tourisme,Université Hassan Ii,Marrakech,Marrakech-Safi,CDI,2-5 ans,Bac+5 / Master,Présentiel,5500.0,Français; Anglais,Gestion Réservations; Langues Étrangères,2024-10-12,43.0,October 2024,T4.0 2024.0,2. 4 000 – 6 000 DH
OFF-0385,Responsable Qualité,Industrie,Capgemini Maroc,Casablanca,Casablanca-Settat,CDD,0-2 ans,Bac+2,Hybride,7500.0,Français,Plc; Scada; Amdec; Autocad; Lean Manufacturing,,39.0,,Tnan nan,3. 6 000 – 8 000 DH
OFF-0386,Réceptionniste Hôtel,Tourisme,Akdital,Casablanca,Casablanca-Settat,Alternance,8+ ans,Bac+5 / Master,Présentiel,5843.0,Français / Anglais,,,45.0,,Tnan nan,2. 4 000 – 6 000 DH
OFF-0387,Data Scientist,It & Tech,Orange Maroc,Rabat,Rabat-Salé-Kénitra,CDD,0-2 ans,Bac+3,Hybride,8500.0,Français,Javascript; Agile; Scrum,2024-07-03,26.0,July 2024,T3.0 2024.0,4. 8 000 – 10 000 DH
OFF-0388,ML Engineer,It & Tech,Ram,Tanger,Tanger-Tétouan-Al Hoceïma,CDI,5-8 ans,Bac+2,Présentiel,19800.0,Français; Arabe,Kubernetes; Tensorflow; Java,2025-02-16,26.0,February 2025,T1.0 2025.0,7. 15 000 – 20 000 DH
OFF-0389,Technicien Maintenance,,Akdital,Casablanca,Casablanca-Settat,Stage,0-2 ans,Bac+3,Hybride,,Français; Anglais; Arabe,Amdec; Autocad; Iso 9001,,8.0,,Tnan nan,Non renseigné
OFF-0390,Développeur Full Stack,It & Tech,Atlantic Digital,Tanger,Tanger-Tétouan-Al Hoceïma,CDI,2-5 ans,Bac+5 / Master,Hybride,12600.0,Français,Power Bi; Tensorflow; Docker; Aws,,26.0,,Tnan nan,6. 12 000 – 15 000 DH
OFF-0391,Ingénieur Réseau,It & Tech,Cih Bank,Casablanca,Casablanca-Settat,CDD,8+ ans,Bac+5 / Master,Télétravail complet,15100.0,Français; Arabe,Docker; Typescript; Mongodb,2024-06-18,37.0,June 2024,T2.0 2024.0,7. 15 000 – 20 000 DH
OFF-0392,Infirmier,Santé,Carrefour Maroc,Casablanca,Casablanca-Settat,CDI,8+ ans,Bac+3,Hybride,13500.0,Français; Anglais,Pharmacologie; Éthique Médicale; Diagnostic; Soins Infirmiers,2024-05-03,39.0,May 2024,T2.0 2024.0,6. 12 000 – 15 000 DH
OFF-0393,Product Manager,It & Tech,Accenture Maroc,Rabat,Rabat-Salé-Kénitra,CDI,2-5 ans,Bac+8 / Doctorat,Présentiel,16800.0,Français,Tensorflow; Docker; Typescript,2024-08-03,42.0,August 2024,T3.0 2024.0,7. 15 000 – 20 000 DH
OFF-0394,Resp. Commercial,,Peugeot Maroc,Meknès,Fès-Meknès,Freelance,2-5 ans,Bac+5 / Master,Présentiel,,,Google Ads; Email Marketing; Excel; Seo; Salesforce,2024-08-13,26.0,August 2024,T3.0 2024.0,Non renseigné
OFF-0395,Ingénieur Génie Civil,Btp,Um6P,Casablanca,Casablanca-Settat,CDI,2-5 ans,Bac+5 / Master,Présentiel,10800.0,Français; Arabe,Ms Project; Gestion De Chantier; Béton Armé; Autocad,2024-07-24,36.0,July 2024,T3.0 2024.0,5. 10 000 – 12 000 DH
OFF-0397,Data Scientist,It & Tech,Accenture Maroc,Tanger,Tanger-Tétouan-Al Hoceïma,Stage,8+ ans,Bac+3,Télétravail complet,3904.0,Français,Sql; Git; Java,2024-07-20,32.0,July 2024,T3.0 2024.0,1. < 4 000 DH
OFF-0398,Chargé Marketing Digital,Commerce,Um6P,Casablanca,Casablanca-Settat,CDI,0-2 ans,Bac+3,Présentiel,7000.0,Français,Analyse De Marché; Négociation,2025-02-18,10.0,February 2025,T1.0 2025.0,3. 6 000 – 8 000 DH
OFF-0399,Ux Designer,It & Tech,Label'Vie,Tanger,Tanger-Tétouan-Al Hoceïma,CDI,2-5 ans,Bac+5 / Master,Hybride,10100.0,Français; Anglais,Node.Js; Docker; Mongodb; Aws; React,2024-11-19,26.0,November 2024,T4.0 2024.0,5. 10 000 – 12 000 DH
OFF-0400,Chef de Projet IT,It & Tech,Orange Maroc,Oujda,Oriental,CDI,0-2 ans,Bac+5 / Master,Hybride,13600.0,Anglais,Node.Js; Javascript; Typescript,2025-01-18,39.0,January 2025,T1.0 2025.0,6. 12 000 – 15 000 DH
OFF-0401,Ingénieur Génie Civil,Btp,Total Maroc,Casablanca,Casablanca-Settat,Freelance,5-8 ans,Bac+2,Présentiel,19600.0,Français; Anglais,Revit; Autocad; Béton Armé; Gestion De Chantier,2024-09-17,30.0,September 2024,T3.0 2024.0,7. 15 000 – 20 000 DH
OFF-0402,Développeur Frontend,It & Tech,Peugeot Maroc,Marrakech,Marrakech-Safi,CDI,5-8 ans,Bac+3,Présentiel,12900.0,Français; Arabe,Tensorflow; Python,2024-11-02,19.0,November 2024,T4.0 2024.0,6. 12 000 – 15 000 DH
OFF-0403,Infirmière,Santé,Capgemini Maroc,Tanger,Tanger-Tétouan-Al Hoceïma,CDI,0-2 ans,Bac+5 / Master,Présentiel,5700.0,Français; Anglais,,2024-08-05,26.0,August 2024,T3.0 2024.0,2. 4 000 – 6 000 DH
OFF-0404,Administrateur Système,It & Tech,Oncf,Casablanca,Casablanca-Settat,CDI,2-5 ans,Bac+5 / Master,Hybride,11700.0,Français; Anglais; Arabe,Agile; Scrum; Kubernetes; Git; Rest Api,2024-10-17,26.0,October 2024,T4.0 2024.0,5. 10 000 – 12 000 DH
OFF-0405,Chef de Projet IT,It & Tech,Total Maroc,Rabat,Rabat-Salé-Kénitra,CDD,2-5 ans,Bac+5 / Master,Présentiel,15300.0,Français; Anglais,Node.Js; Kubernetes; Rest Api; Agile; Scrum,2024-07-26,40.0,July 2024,T3.0 2024.0,7. 15 000 – 20 000 DH
OFF-0406,Développeur Backend,,Maroc Telecom,Rabat,Rabat-Salé-Kénitra,CDI,0-2 ans,Bac+3,Télétravail complet,,Français; Arabe,Power Bi; Typescript; Kubernetes; Javascript,2024-04-19,20.0,April 2024,T2.0 2024.0,Non renseigné
OFF-0407,Community Manager,,Atlantic Digital,Marrakech,Marrakech-Safi,CDI,2-5 ans,Bac+2,Présentiel,,Français; Anglais,Google Ads; Analyse De Marché,2024-08-28,14.0,August 2024,T3.0 2024.0,Non renseigné
OFF-0408,Réceptionniste Hôtel,Tourisme,Sqli Maroc,Meknès,Fès-Meknès,Freelance,5-8 ans,Bac+3,Présentiel,9300.0,Français; Arabe,Langues Étrangères; Accueil Client; Gestion Réservations,2024-04-18,28.0,April 2024,T2.0 2024.0,4. 8 000 – 10 000 DH
OFF-0409,Gestionnaire de Paie,Finance & Rh,Atlantic Digital,Casablanca,Casablanca-Settat,Freelance,2-5 ans,Bac+5 / Master,Présentiel,11880.0,Français; Arabe,Droit Du Travail; Sap; Sage; Excel Avancé,2025-01-18,29.0,January 2025,T1.0 2025.0,5. 10 000 – 12 000 DH
OFF-0410,Cybersécurité Analyst,It & Tech,Université Hassan Ii,Casablanca,Casablanca-Settat,CDI,0-2 ans,Sans Diplôme Requis,Présentiel,9100.0,Français,Docker; Git,,15.0,,Tnan nan,4. 8 000 – 10 000 DH
OFF-0411,Responsable RH,Finance & Rh,Ocp Group,Rabat,Rabat-Salé-Kénitra,CDD,2-5 ans,Bac+2,Hybride,8800.0,Français; Anglais; Arabe,Ifrs; Audit; Droit Du Travail,2024-07-19,18.0,July 2024,T3.0 2024.0,4. 8 000 – 10 000 DH
OFF-0412,Analyste Financier,Finance & Rh,Ram,Rabat,Rabat-Salé-Kénitra,CDI,2-5 ans,Bac+3,Hybride,11300.0,Français / Anglais / Arabe,Audit; Ifrs; Sap; Paie; Sage,2024-08-26,25.0,August 2024,T3.0 2024.0,5. 10 000 – 12 000 DH
OFF-0413,Product Manager,It & Tech,Lafarge Holcim,Marrakech,Marrakech-Safi,CDD,0-2 ans,Bac+5 / Master,Présentiel,9800.0,Français; Anglais; Arabe,Tensorflow; React,2025-02-18,9.0,February 2025,T1.0 2025.0,4. 8 000 – 10 000 DH
OFF-0414,Administrateur Système,It & Tech,Cgi Maroc,Casablanca,Casablanca-Settat,CDD,0-2 ans,Bac+3,Présentiel,7600.0,Français,Git; Agile; Scrum,,34.0,,Tnan nan,3. 6 000 – 8 000 DH
OFF-0415,Resp. Commercial,Commerce,Kpmg Maroc,Tanger,Tanger-Tétouan-Al Hoceïma,CDI,8+ ans,Bac+2,Télétravail complet,21600.0,Français; Anglais,Crm; Négociation; Google Ads; Email Marketing,2024-10-07,25.0,October 2024,T4.0 2024.0,8. > 20 000 DH
OFF-0416,Responsable Qualité,Industrie,Ernst & Young Maroc,Casablanca,Casablanca-Settat,CDI,0-2 ans,Bac+5 / Master,Présentiel,7000.0,Français; Anglais,Plc; Scada; Lean Manufacturing; Solidworks; Iso 9001,2025-01-22,35.0,January 2025,T1.0 2025.0,3. 6 000 – 8 000 DH
OFF-0417,DevOps Engineer,It & Tech,Cih Bank,Marrakech,Marrakech-Safi,Stage,5-8 ans,Bac+2,Télétravail complet,3202.0,Français; Anglais; Arabe,Python; Kubernetes; Aws; Mongodb; Java,2024-05-18,23.0,May 2024,T2.0 2024.0,1. < 4 000 DH
OFF-0418,Développeur Backend,It & Tech,Sqli Maroc,Tanger,Tanger-Tétouan-Al Hoceïma,CDI,0-2 ans,Bac+2,Hybride,9100.0,Français / Arabe,Sql; Docker,,28.0,,Tnan nan,4. 8 000 – 10 000 DH
OFF-0419,Responsable Qualité,Industrie,Inwi,Tanger,Tanger-Tétouan-Al Hoceïma,CDI,2-5 ans,Non Renseigné,Présentiel,11000.0,Anglais,Amdec; Iso 9001; Plc; Scada,,10.0,,Tnan nan,5. 10 000 – 12 000 DH
OFF-0420,Administrateur Système,It & Tech,Ram,Casablanca,Casablanca-Settat,CDI,2-5 ans,Bac+2,Présentiel,10700.0,Français; Arabe,Azure; Tensorflow; Aws; Rest Api,,17.0,,Tnan nan,5. 10 000 – 12 000 DH
OFF-0421,Chef de Projet IT,,Ram,Tanger,Tanger-Tétouan-Al Hoceïma,CDD,2-5 ans,Bac+3,Hybride,,Français; Anglais,Kubernetes; Node.Js; Git; React,2024-11-22,14.0,November 2024,T4.0 2024.0,Non renseigné
OFF-0422,Analyste Financier,Finance & Rh,Renault Maroc,Marrakech,Marrakech-Safi,CDI,2-5 ans,Bac+5 / Master,Présentiel,10500.0,"Français, Anglais, Arabe",Excel Avancé; Consolidation; Sap,2025-02-27,26.0,February 2025,T1.0 2025.0,5. 10 000 – 12 000 DH
OFF-0423,Chargé Marketing,Commerce,Akdital,Marrakech,Marrakech-Safi,CDI,5-8 ans,Bac+5 / Master,Présentiel,13090.0,Français,Salesforce; Email Marketing; Crm; Google Ads; Excel,2024-09-24,25.0,September 2024,T3.0 2024.0,6. 12 000 – 15 000 DH
OFF-0424,Infirmier,Santé,Cgi Maroc,Tanger,Tanger-Tétouan-Al Hoceïma,CDI,2-5 ans,Bac+3,Télétravail complet,8200.0,Français; Arabe,Soins Infirmiers; Pharmacologie; Éthique Médicale,2024-12-29,43.0,December 2024,T4.0 2024.0,4. 8 000 – 10 000 DH
OFF-0425,Comptable,Finance & Rh,Renault Maroc,Rabat,Rabat-Salé-Kénitra,Freelance,2-5 ans,Bac+5 / Master,Présentiel,7700.0,Français,Excel Avancé; Sap; Consolidation; Paie; Audit,2025-02-05,18.0,February 2025,T1.0 2025.0,3. 6 000 – 8 000 DH
OFF-0426,Développeur Full Stack,It & Tech,Ocp Group,Casablanca,Casablanca-Settat,CDI,2-5 ans,Bac+5 / Master,Présentiel,10900.0,Français; Anglais,Git; Azure,2024-05-15,31.0,May 2024,T2.0 2024.0,5. 10 000 – 12 000 DH
OFF-0427,Médecin Généraliste,Santé,Bmce Bank,Tanger,Tanger-Tétouan-Al Hoceïma,CDI,5-8 ans,Bac+3,Présentiel,25600.0,Français,Éthique Médicale; Soins Infirmiers; Diagnostic,2024-04-23,8.0,April 2024,T2.0 2024.0,8. > 20 000 DH
OFF-0428,UX/UI Designer,It & Tech,Accenture Maroc,Tanger,Tanger-Tétouan-Al Hoceïma,CDI,0-2 ans,Bac+2,Hybride,7300.0,Anglais,Linux; Javascript; Power Bi,2024-07-16,23.0,July 2024,T3.0 2024.0,3. 6 000 – 8 000 DH
OFF-0429,Community Manager,Commerce,Datavision Maroc,Fès,Fès-Meknès,Freelance,5-8 ans,Bac+5 / Master,Présentiel,12500.0,Français; Anglais,Crm; Google Ads; Salesforce; Email Marketing; Analyse De Marché,2025-01-27,27.0,January 2025,T1.0 2025.0,6. 12 000 – 15 000 DH
OFF-0430,Data-Scientist,It & Tech,Carrefour Maroc,Rabat,Rabat-Salé-Kénitra,CDI,5-8 ans,Bac+5 / Master,Hybride,20100.0,Français; Anglais,Typescript; Python; Mongodb,2024-09-28,36.0,September 2024,T3.0 2024.0,8. > 20 000 DH
OFF-0431,Administrateur Système,It & Tech,Ocp Group,Tanger,Tanger-Tétouan-Al Hoceïma,CDI,2-5 ans,Bac+3,Présentiel,11700.0,"Français, Arabe",Typescript; Git,,31.0,,Tnan nan,5. 10 000 – 12 000 DH
OFF-0432,UX/UI Designer,It & Tech,Deloitte Maroc,Agadir,Souss-Massa,Alternance,0-2 ans,Bac+2,Hybride,4490.0,Français; Anglais; Arabe,Typescript; React,2025-01-22,37.0,January 2025,T1.0 2025.0,2. 4 000 – 6 000 DH
OFF-0433,Médecin Généraliste,Santé,Atlantic Digital,Rabat,Rabat-Salé-Kénitra,CDI,2-5 ans,Sans Diplôme Requis,Présentiel,19700.0,Français; Arabe,Diagnostic; Pharmacologie; Soins Infirmiers; Éthique Médicale,2024-08-24,26.0,August 2024,T3.0 2024.0,7. 15 000 – 20 000 DH
OFF-0434,Infirmière,Santé,Techma Solutions,Rabat,Rabat-Salé-Kénitra,CDD,2-5 ans,Bac+5 / Master,Hybride,7100.0,Français,Soins Infirmiers; Éthique Médicale; Pharmacologie; Diagnostic,,15.0,,Tnan nan,3. 6 000 – 8 000 DH
OFF-0435,Analyste BI / Power BI,It & Tech,Cih Bank,Fès,Fès-Meknès,CDI,5-8 ans,Bac+8 / Doctorat,Hybride,14600.0,Anglais,,,27.0,,Tnan nan,6. 12 000 – 15 000 DH
OFF-0436,Infirmière,Santé,Atlantic Digital,Meknès,Fès-Meknès,CDI,2-5 ans,Bac+5 / Master,Présentiel,12200.0,Anglais,Soins Infirmiers; Pharmacologie; Éthique Médicale; Diagnostic,2024-12-07,11.0,December 2024,T4.0 2024.0,6. 12 000 – 15 000 DH
OFF-0437,Auditeur Financier,Finance & Rh,Lafarge Holcim,Marrakech,Marrakech-Safi,CDI,2-5 ans,Bac+5 / Master,Hybride,12200.0,,Excel Avancé; Droit Du Travail; Audit; Paie,2024-07-06,19.0,July 2024,T3.0 2024.0,6. 12 000 – 15 000 DH
OFF-0438,Product Manager,It & Tech,Attijariwafa Bank,Casablanca,Casablanca-Settat,CDI,0-2 ans,Sans Diplôme Requis,Télétravail complet,11500.0,Français; Arabe,Sql; Rest Api; Java; Agile; Scrum; Azure,2025-02-12,27.0,February 2025,T1.0 2025.0,5. 10 000 – 12 000 DH
OFF-0439,Ml Ingénieur,It & Tech,Cgi Maroc,Agadir,Souss-Massa,CDD,0-2 ans,Non Renseigné,Présentiel,9800.0,Français; Arabe,Kubernetes; Power Bi,,9.0,,Tnan nan,4. 8 000 – 10 000 DH
OFF-0440,Réceptionniste Hôtel,Tourisme,Inwi,Casablanca,Casablanca-Settat,CDI,0-2 ans,Bac+3,Présentiel,4100.0,Français; Anglais; Arabe,Gestion Réservations; Accueil Client,,16.0,,Tnan nan,2. 4 000 – 6 000 DH
OFF-0441,Responsable Qualité,Industrie,Université Hassan Ii,Marrakech,Marrakech-Safi,Freelance,2-5 ans,Non Renseigné,Hybride,11300.0,Français; Anglais,Amdec; Iso 9001,2024-07-06,15.0,July 2024,T3.0 2024.0,5. 10 000 – 12 000 DH
OFF-0442,Pharmacien,Santé,Orange Maroc,Casablanca,Casablanca-Settat,Freelance,2-5 ans,Bac+8 / Doctorat,Hybride,15000.0,Français; Anglais,Soins Infirmiers; Pharmacologie; Diagnostic; Éthique Médicale,2025-02-04,28.0,February 2025,T1.0 2025.0,7. 15 000 – 20 000 DH
OFF-0443,Responsable RH,Finance & Rh,Pwc Maroc,Rabat,Rabat-Salé-Kénitra,Freelance,5-8 ans,Bac+8 / Doctorat,Présentiel,13700.0,Français; Anglais; Arabe,Consolidation; Paie,2024-08-02,9.0,August 2024,T3.0 2024.0,6. 12 000 – 15 000 DH
OFF-0444,Analyste Financier,Finance & Rh,Oncf,Rabat,Rabat-Salé-Kénitra,CDD,5-8 ans,Sans Diplôme Requis,Présentiel,12400.0,Français; Arabe,Consolidation; Sap,2024-08-13,9.0,August 2024,T3.0 2024.0,6. 12 000 – 15 000 DH
OFF-0445,Infirmier(ère),Santé,Cgi Maroc,Tétouan,Tanger-Tétouan-Al Hoceïma,CDI,2-5 ans,Non Renseigné,Présentiel,7300.0,Français; Anglais,Soins Infirmiers; Éthique Médicale; Diagnostic; Pharmacologie,2024-09-17,21.0,September 2024,T3.0 2024.0,3. 6 000 – 8 000 DH
OFF-0446,Réceptionniste Hôtel,Tourisme,Bmce Bank,Rabat,Rabat-Salé-Kénitra,Freelance,2-5 ans,Bac+3,Hybride,6800.0,,Accueil Client; Pack Office; Langues Étrangères; Gestion Réservations,2024-04-21,7.0,April 2024,T2.0 2024.0,3. 6 000 – 8 000 DH
OFF-0447,Responsable RH,Finance & Rh,Techma Solutions,Agadir,Souss-Massa,CDI,0-2 ans,Bac+5 / Master,Télétravail complet,6100.0,Français; Arabe,Sap; Ifrs; Sage; Consolidation; Audit,,26.0,,Tnan nan,3. 6 000 – 8 000 DH
OFF-0448,Infirmier(ère),Santé,Atlantic Digital,Rabat,Rabat-Salé-Kénitra,CDI,2-5 ans,Bac+5 / Master,Hybride,7700.0,Français; Arabe,Éthique Médicale; Soins Infirmiers; Diagnostic,,8.0,,Tnan nan,3. 6 000 – 8 000 DH
OFF-0449,Cyber Analyst,It & Tech,Inwi,Marrakech,Marrakech-Safi,Freelance,2-5 ans,Bac+5 / Master,Télétravail complet,17200.0,Français,Mongodb; Java; Typescript,2024-04-07,28.0,April 2024,T2.0 2024.0,7. 15 000 – 20 000 DH
OFF-0450,Infirmière,Santé,Université Hassan Ii,Casablanca,Casablanca-Settat,Stage,5-8 ans,Sans Diplôme Requis,Présentiel,4621.0,Français; Arabe,Soins Infirmiers; Éthique Médicale; Pharmacologie; Diagnostic,2024-05-25,41.0,May 2024,T2.0 2024.0,2. 4 000 – 6 000 DH
OFF-0451,Administrateur Système,It & Tech,Université Hassan Ii,Tanger,Tanger-Tétouan-Al Hoceïma,CDI,2-5 ans,Bac+3,Hybride,11100.0,Français,React; Git; Linux,2025-02-05,26.0,February 2025,T1.0 2025.0,5. 10 000 – 12 000 DH
OFF-0452,Data Engineer,It & Tech,Managem,Tanger,Tanger-Tétouan-Al Hoceïma,CDD,0-2 ans,Bac+5 / Master,Hybride,10500.0,Français; Anglais; Arabe,Azure; Agile; Scrum; Linux; React,,19.0,,Tnan nan,5. 10 000 – 12 000 DH
OFF-0453,Auditeur Financier,Finance & Rh,Renault Maroc,Tanger,Tanger-Tétouan-Al Hoceïma,Freelance,8+ ans,Bac+3,Présentiel,10500.0,Français; Anglais,Audit; Ifrs; Excel Avancé; Paie,2025-02-07,29.0,February 2025,T1.0 2025.0,5. 10 000 – 12 000 DH
OFF-0454,Ing. Réseau,It & Tech,Pwc Maroc,Agadir,Souss-Massa,CDD,2-5 ans,Bac+5 / Master,Présentiel,10700.0,Français; Anglais; Arabe,Tensorflow; Javascript; Azure,2025-01-12,14.0,January 2025,T1.0 2025.0,5. 10 000 – 12 000 DH
OFF-0455,Analyste Financier,Finance & Rh,Hps,Casablanca,Casablanca-Settat,Stage,5-8 ans,Bac+5 / Master,Télétravail complet,3000.0,Français; Arabe,Audit; Droit Du Travail; Ifrs; Sage; Consolidation,2025-02-07,39.0,February 2025,T1.0 2025.0,1. < 4 000 DH
OFF-0456,Auditeur Financier,Finance & Rh,Datavision Maroc,Rabat,Rabat-Salé-Kénitra,CDI,5-8 ans,Sans Diplôme Requis,Hybride,14300.0,Anglais,Audit; Paie; Excel Avancé; Ifrs; Sage,2024-08-30,7.0,August 2024,T3.0 2024.0,6. 12 000 – 15 000 DH
OFF-0457,Ing Production,Industrie,Cgi Maroc,Casablanca,Casablanca-Settat,CDD,2-5 ans,Bac+3,Présentiel,9000.0,Français; Anglais; Arabe,Plc; Scada; Lean Manufacturing; Iso 9001,2024-09-29,12.0,September 2024,T3.0 2024.0,4. 8 000 – 10 000 DH
OFF-0458,Technicien Maintenance,Industrie,Ernst & Young Maroc,Agadir,Souss-Massa,CDI,8+ ans,Bac+5 / Master,Présentiel,12900.0,,Iso 9001; Plc; Scada; Amdec,,20.0,,Tnan nan,6. 12 000 – 15 000 DH
OFF-0459,Analyste Financier,,Lydec,Tanger,Tanger-Tétouan-Al Hoceïma,CDD,5-8 ans,Bac+2,Hybride,,Français; Anglais,Ifrs; Sap,2024-08-21,42.0,August 2024,T3.0 2024.0,Non renseigné
OFF-0460,Guide Touristique,Tourisme,Carrefour Maroc,Oujda,Oriental,Freelance,2-5 ans,Bac+2,Présentiel,8000.0,Anglais,Langues Étrangères; Accueil Client,2024-03-21,36.0,March 2024,T1.0 2024.0,4. 8 000 – 10 000 DH
OFF-0461,Ingénieur Génie Civil,Btp,Hps,Fès,Fès-Meknès,CDI,0-2 ans,Bac+5 / Master,Présentiel,8000.0,Anglais,Autocad; Béton Armé,2024-04-04,29.0,April 2024,T2.0 2024.0,4. 8 000 – 10 000 DH
OFF-0462,Administrateur Système,It & Tech,Akdital,Marrakech,Marrakech-Safi,CDD,8+ ans,Bac+2,Télétravail complet,15000.0,Français; Anglais,Node.Js; Kubernetes; Linux; Azure,2024-09-25,43.0,September 2024,T3.0 2024.0,7. 15 000 – 20 000 DH
OFF-0463,Contrôleur de Gestion,Finance & Rh,Ocp Group,Casablanca,Casablanca-Settat,CDD,2-5 ans,Bac+3,Télétravail complet,10500.0,Anglais,Sage; Ifrs; Droit Du Travail; Paie,2024-12-29,42.0,December 2024,T4.0 2024.0,5. 10 000 – 12 000 DH
OFF-0464,Data Scientist,It & Tech,Oncf,Oujda,Oriental,CDI,2-5 ans,Sans Diplôme Requis,Présentiel,15400.0,Français; Anglais; Arabe,Typescript; Kubernetes; Javascript; Aws; Agile; Scrum,2024-05-31,34.0,May 2024,T2.0 2024.0,7. 15 000 – 20 000 DH
OFF-0465,Community Manager,Commerce,Attijariwafa Bank,Casablanca,Casablanca-Settat,CDI,0-2 ans,Bac+2,Présentiel,11500.0,Français; Anglais; Arabe,Négociation; Crm,2024-09-12,7.0,September 2024,T3.0 2024.0,5. 10 000 – 12 000 DH
OFF-0466,UX/UI Designer,It & Tech,Capgemini Maroc,Casablanca,Casablanca-Settat,CDD,8+ ans,Bac+2,Télétravail complet,13900.0,Français; Anglais,Aws; Tensorflow; Node.Js; Azure; Git,2024-05-30,43.0,May 2024,T2.0 2024.0,6. 12 000 – 15 000 DH
OFF-0467,Pharmacien,Santé,Ram,Rabat,Rabat-Salé-Kénitra,CDI,8+ ans,Bac+5 / Master,Hybride,18000.0,Anglais,Diagnostic; Pharmacologie; Soins Infirmiers; Éthique Médicale,2024-06-07,30.0,June 2024,T2.0 2024.0,7. 15 000 – 20 000 DH
OFF-0468,Développeur Backend,It & Tech,Bmce Bank,Tanger,Tanger-Tétouan-Al Hoceïma,CDI,0-2 ans,Bac+5 / Master,Présentiel,7800.0,Français; Anglais,Sql; Power Bi; Docker,2024-08-16,30.0,August 2024,T3.0 2024.0,3. 6 000 – 8 000 DH
OFF-0469,Auditeur Financier,Finance & Rh,Capgemini Maroc,Casablanca,Casablanca-Settat,Freelance,2-5 ans,Bac+5 / Master,Présentiel,13500.0,Français,Audit; Droit Du Travail; Excel Avancé; Sage; Sap,2024-05-06,7.0,May 2024,T2.0 2024.0,6. 12 000 – 15 000 DH
OFF-0470,Responsable RH,Finance & Rh,Kpmg Maroc,Casablanca,Casablanca-Settat,CDI,0-2 ans,Bac+2,Présentiel,6000.0,Français; Anglais; Arabe,Sage; Consolidation; Audit; Paie,2024-03-08,26.0,March 2024,T1.0 2024.0,3. 6 000 – 8 000 DH
OFF-0471,ML Engineer,It & Tech,Oncf,Casablanca,Casablanca-Settat,CDI,2-5 ans,Bac+2,Présentiel,16000.0,Français,Git; Aws; Java,2024-11-30,7.0,November 2024,T4.0 2024.0,7. 15 000 – 20 000 DH
OFF-0472,Comptable,Finance & Rh,Orange Maroc,Casablanca,Casablanca-Settat,Alternance,0-2 ans,Bac+3,Télétravail complet,5086.0,Français; Anglais,Audit; Droit Du Travail; Sage; Sap; Paie,2025-02-20,43.0,February 2025,T1.0 2025.0,2. 4 000 – 6 000 DH
OFF-0474,Gestionnaire de Paie,Finance & Rh,Kpmg Maroc,Rabat,Rabat-Salé-Kénitra,CDI,5-8 ans,Sans Diplôme Requis,Télétravail complet,11300.0,Français; Anglais; Arabe,Paie; Sage,2025-01-26,9.0,January 2025,T1.0 2025.0,5. 10 000 – 12 000 DH
OFF-0475,Guide Touristique,Tourisme,Accenture Maroc,Casablanca,Casablanca-Settat,CDI,0-2 ans,Bac+3,Présentiel,4000.0,Anglais,Accueil Client; Langues Étrangères,2024-04-24,36.0,April 2024,T2.0 2024.0,2. 4 000 – 6 000 DH
OFF-0476,ML Engineer,It & Tech,,Meknès,Fès-Meknès,CDI,5-8 ans,Non Renseigné,Présentiel,22700.0,Anglais,Aws; Mongodb; Typescript,2025-01-16,45.0,January 2025,T1.0 2025.0,8. > 20 000 DH
OFF-0477,Chargé Marketing Digital,Commerce,Managem,Casablanca,Casablanca-Settat,CDI,8+ ans,Sans Diplôme Requis,Présentiel,16000.0,Français; Anglais; Arabe,,2024-05-14,43.0,May 2024,T2.0 2024.0,7. 15 000 – 20 000 DH
OFF-0478,Dév. Full Stack,It & Tech,Bmce Bank,Casablanca,Casablanca-Settat,CDI,0-2 ans,Bac+5 / Master,Hybride,8500.0,Français; Arabe,Azure; Docker; Power Bi; Node.Js; Java,2024-07-14,39.0,July 2024,T3.0 2024.0,4. 8 000 – 10 000 DH
OFF-0479,Pharmacien,Santé,Techma Solutions,Agadir,Souss-Massa,CDD,5-8 ans,Sans Diplôme Requis,Hybride,16200.0,Français,Éthique Médicale; Diagnostic,2024-11-13,7.0,November 2024,T4.0 2024.0,7. 15 000 – 20 000 DH
OFF-0480,Technicien Maintenance,Industrie,Cih Bank,Agadir,Souss-Massa,CDI,2-5 ans,Bac+5 / Master,Hybride,6300.0,Français; Anglais; Arabe,,2024-03-02,25.0,March 2024,T1.0 2024.0,3. 6 000 – 8 000 DH
OFF-0481,Analyste Financier,Finance & Rh,Maroc Telecom,Marrakech,Marrakech-Safi,CDI,0-2 ans,Bac+2,Présentiel,10000.0,Anglais,Droit Du Travail; Paie; Sage; Consolidation; Excel Avancé,2025-02-04,44.0,February 2025,T1.0 2025.0,5. 10 000 – 12 000 DH
OFF-0482,Médecin Généraliste,Santé,Ram,Casablanca,Casablanca-Settat,CDD,0-2 ans,Bac+5 / Master,Présentiel,13800.0,"Français, Arabe",Pharmacologie; Soins Infirmiers; Diagnostic; Éthique Médicale,,26.0,,Tnan nan,6. 12 000 – 15 000 DH
OFF-0483,Analyste Financier,Finance & Rh,Orange Maroc,Rabat,Rabat-Salé-Kénitra,CDI,5-8 ans,Bac+3,Hybride,14100.0,Anglais,Audit; Sap; Sage,,40.0,,Tnan nan,6. 12 000 – 15 000 DH
OFF-0484,Guide Touristique,Tourisme,Techma Solutions,Casablanca,Casablanca-Settat,CDI,0-2 ans,Bac+5 / Master,Hybride,4400.0,Français; Arabe,Accueil Client; Pack Office; Langues Étrangères; Gestion Réservations,2024-09-16,38.0,September 2024,T3.0 2024.0,2. 4 000 – 6 000 DH
OFF-0485,Chargé Marketing Digital,Commerce,Kpmg Maroc,Rabat,Rabat-Salé-Kénitra,Stage,2-5 ans,Bac+3,Hybride,4471.0,"Français, Anglais, Arabe",Email Marketing; Google Ads,2024-09-19,42.0,September 2024,T3.0 2024.0,2. 4 000 – 6 000 DH
OFF-0486,Ing. Réseau,It & Tech,Atlantic Digital,Tanger,Tanger-Tétouan-Al Hoceïma,CDI,2-5 ans,Bac+2,Hybride,11000.0,Français; Anglais,Azure; React; Tensorflow; Python,2024-03-21,25.0,March 2024,T1.0 2024.0,5. 10 000 – 12 000 DH
OFF-0488,Responsable RH,Finance & Rh,Datavision Maroc,Meknès,Fès-Meknès,CDD,2-5 ans,Bac+3,Hybride,9100.0,Français; Arabe,Ifrs; Sage; Droit Du Travail; Consolidation; Audit,2024-05-21,39.0,May 2024,T2.0 2024.0,4. 8 000 – 10 000 DH
OFF-0489,Infirmière,Santé,Renault Maroc,Agadir,Souss-Massa,CDI,8+ ans,Non Renseigné,Présentiel,11660.0,Anglais,Pharmacologie; Diagnostic; Éthique Médicale,,24.0,,Tnan nan,5. 10 000 – 12 000 DH
OFF-0490,Product Manager,,Sii Group,Casablanca,Casablanca-Settat,Freelance,5-8 ans,Bac+5 / Master,Présentiel,,Français; Arabe,Javascript; React,2024-12-06,28.0,December 2024,T4.0 2024.0,Non renseigné
OFF-0491,Technicien Maintenance,Industrie,Lydec,Kénitra,Rabat-Salé-Kénitra,CDI,5-8 ans,Bac+8 / Doctorat,Présentiel,10100.0,Français; Arabe,Autocad; Lean Manufacturing; Plc; Scada,2024-08-30,32.0,August 2024,T3.0 2024.0,5. 10 000 – 12 000 DH
OFF-0492,Ing Production,Industrie,Akdital,Oujda,Oriental,Stage,2-5 ans,Bac+3,Hybride,3916.0,Français,Amdec; Iso 9001,,16.0,,Tnan nan,1. < 4 000 DH
OFF-0493,Réceptionniste Hôtel,Tourisme,Cgi Maroc,Tanger,Tanger-Tétouan-Al Hoceïma,CDI,5-8 ans,Bac+3,Présentiel,6800.0,Français; Arabe,Langues Étrangères; Pack Office; Accueil Client,2024-04-05,23.0,April 2024,T2.0 2024.0,3. 6 000 – 8 000 DH
OFF-0494,DevOps Engineer,It & Tech,Inwi,Tétouan,Tanger-Tétouan-Al Hoceïma,CDI,8+ ans,Bac+3,Présentiel,25900.0,Français; Anglais,Java; Mongodb; Rest Api,2024-06-27,12.0,June 2024,T2.0 2024.0,8. > 20 000 DH
OFF-0495,Data Engneer,It & Tech,Pwc Maroc,Casablanca,Casablanca-Settat,CDI,0-2 ans,Bac+5 / Master,Hybride,11600.0,Français; Anglais,Aws; Kubernetes; Linux,2024-04-15,11.0,April 2024,T2.0 2024.0,5. 10 000 – 12 000 DH
OFF-0496,Cybersécurité Analyst,It & Tech,Sii Group,Tanger,Tanger-Tétouan-Al Hoceïma,CDD,2-5 ans,Bac+5 / Master,Hybride,13500.0,Français / Anglais / Arabe,Aws; Python,2024-10-12,34.0,October 2024,T4.0 2024.0,6. 12 000 – 15 000 DH
OFF-0497,Commercial,Commerce,Inwi,Casablanca,Casablanca-Settat,CDD,8+ ans,Bac+5 / Master,Hybride,12800.0,Français; Anglais; Arabe,,,31.0,,Tnan nan,6. 12 000 – 15 000 DH
OFF-0498,Comptable,Finance & Rh,,Casablanca,Casablanca-Settat,CDI,5-8 ans,Bac+3,Présentiel,8700.0,Français,Excel Avancé; Consolidation; Audit; Sap; Ifrs,2024-07-01,1.0,July 2024,T3.0 2024.0,4. 8 000 – 10 000 DH
OFF-0499,Technicien Maintenance,Industrie,Datavision Maroc,Marrakech,Marrakech-Safi,Freelance,2-5 ans,Non Renseigné,Présentiel,8100.0,Français; Anglais; Arabe,Plc; Scada; Autocad; Amdec,2024-08-30,25.0,August 2024,T3.0 2024.0,4. 8 000 – 10 000 DH
OFF-0500,Auditeur Financier,Finance & Rh,Atlantic Digital,Casablanca,Casablanca-Settat,Freelance,2-5 ans,Bac+3,Présentiel,13100.0,,Droit Du Travail; Sap,2024-08-08,32.0,August 2024,T3.0 2024.0,6. 12 000 – 15 000 DH
